
INSERT INTO `users` (`id`, `firstname`, `lastname`, `email`, `password_hash`, `phone`) VALUES ('101', 'Sherman', 'Skiles', 'vweber@example.net', '11bc962df2a84d3869b8839bb197e0a970b75754', '0');
INSERT INTO `users` (`id`, `firstname`, `lastname`, `email`, `password_hash`, `phone`) VALUES ('103', 'Jack', 'Little', 'ethan.rolfson@example.com', 'b017996496c85210b9fc018609720a331095f8cc', '782717');
INSERT INTO `users` (`id`, `firstname`, `lastname`, `email`, `password_hash`, `phone`) VALUES ('104', 'Adrianna', 'Funk', 'greta.hackett@example.org', '795c5f86bc8ebda822c31569d83d6715b94d22eb', '25815');
INSERT INTO `users` (`id`, `firstname`, `lastname`, `email`, `password_hash`, `phone`) VALUES ('105', 'Elisabeth', 'Kuhn', 'fwisozk@example.com', 'dfb9f4d8569496fc59cb48d6286d0cb817a63f67', '6100076952');
INSERT INTO `users` (`id`, `firstname`, `lastname`, `email`, `password_hash`, `phone`) VALUES ('106', 'Maynard', 'Blanda', 'vaughn42@example.com', '2b9e867b2085efc3e1609f2ced95304dbfde5248', '621');
INSERT INTO `users` (`id`, `firstname`, `lastname`, `email`, `password_hash`, `phone`) VALUES ('107', 'Doris', 'Nicolas', 'rex.romaguera@example.net', 'fdf360fc12e5db3e299a9713138e48841862c4ab', '1');
INSERT INTO `users` (`id`, `firstname`, `lastname`, `email`, `password_hash`, `phone`) VALUES ('108', 'Manley', 'Stoltenberg', 'aleen23@example.com', '5baed7953702db3ca51bda1a0045abd8e6d31abc', '215');
INSERT INTO `users` (`id`, `firstname`, `lastname`, `email`, `password_hash`, `phone`) VALUES ('109', 'Amir', 'Doyle', 'iullrich@example.com', 'd055838a02b544c36a8924d6531cb994c4e0f218', '613');
INSERT INTO `users` (`id`, `firstname`, `lastname`, `email`, `password_hash`, `phone`) VALUES ('112', 'Dorothea', 'Kertzmann', 'margret.parker@example.org', '2356f8fa5b0f23a2e0339c9d63eef1e18c9c3206', '67');
INSERT INTO `users` (`id`, `firstname`, `lastname`, `email`, `password_hash`, `phone`) VALUES ('113', 'Keagan', 'Grimes', 'o\'kon.delmer@example.org', 'b23f7ef746f748254688198a36f71d68c8965a7c', '837');
INSERT INTO `users` (`id`, `firstname`, `lastname`, `email`, `password_hash`, `phone`) VALUES ('114', 'Xander', 'Cummerata', 'joey.casper@example.org', '1ce64d814970cb8085039caf2fe7083f1575448c', '8602213301');
INSERT INTO `users` (`id`, `firstname`, `lastname`, `email`, `password_hash`, `phone`) VALUES ('117', 'Chanel', 'Weber', 'funk.sonia@example.org', 'cc6327e2ed0f16e70d52140d1321a3c4449fb1da', '855');
INSERT INTO `users` (`id`, `firstname`, `lastname`, `email`, `password_hash`, `phone`) VALUES ('118', 'Raymond', 'Jaskolski', 'inolan@example.org', 'd1c1774553e77c6098b817b57f3f6f0a057ae463', '694');
INSERT INTO `users` (`id`, `firstname`, `lastname`, `email`, `password_hash`, `phone`) VALUES ('119', 'Niko', 'Johnston', 'ondricka.earline@example.org', 'c582ed145d0cef7c71dd5ec47469e3e42d725c38', '254888');
INSERT INTO `users` (`id`, `firstname`, `lastname`, `email`, `password_hash`, `phone`) VALUES ('120', 'Retta', 'Schoen', 'cartwright.velma@example.org', '3837b8d4b4ec94da4804fb8f37750eebb8662843', '877780');
INSERT INTO `users` (`id`, `firstname`, `lastname`, `email`, `password_hash`, `phone`) VALUES ('121', 'Maurine', 'Zboncak', 'smith.golda@example.net', 'a1b858ba63c39d306b81c83ed0d7e88e9bf65ccd', '92');
INSERT INTO `users` (`id`, `firstname`, `lastname`, `email`, `password_hash`, `phone`) VALUES ('122', 'Larue', 'Bergnaum', 'estracke@example.com', '8315a4027c438a71ff17814b096a3a0f8cba9b35', '62');
INSERT INTO `users` (`id`, `firstname`, `lastname`, `email`, `password_hash`, `phone`) VALUES ('125', 'Reid', 'Cartwright', 'mayert.kattie@example.com', '7401c0fc8672a07ae0eebbb4333dfa3991dfc80a', '30');
INSERT INTO `users` (`id`, `firstname`, `lastname`, `email`, `password_hash`, `phone`) VALUES ('126', 'Enos', 'Olson', 'ena25@example.org', '43da31d50197ff7b878f20a8cc63268756879b6f', '9642367211');
INSERT INTO `users` (`id`, `firstname`, `lastname`, `email`, `password_hash`, `phone`) VALUES ('127', 'Solon', 'Turcotte', 'griffin.raynor@example.net', '5f55d3d7cb3317f85ba8933bacc2fa3d8b4aaadd', '440');
INSERT INTO `users` (`id`, `firstname`, `lastname`, `email`, `password_hash`, `phone`) VALUES ('129', 'Kyler', 'Bayer', 'maya.gottlieb@example.net', '2dc3cc5ab69e51f006c00af7b51f978887440371', '47218');
INSERT INTO `users` (`id`, `firstname`, `lastname`, `email`, `password_hash`, `phone`) VALUES ('130', 'Simone', 'Schulist', 'arvilla.gleichner@example.com', '2af8eba62488ec9e89c66d04201b89faa84d4ffa', '49');
INSERT INTO `users` (`id`, `firstname`, `lastname`, `email`, `password_hash`, `phone`) VALUES ('133', 'Kaia', 'Blanda', 'zfay@example.com', '41d75a64ef79e6d6a5046f143d0a2336fb917a97', '20825');
INSERT INTO `users` (`id`, `firstname`, `lastname`, `email`, `password_hash`, `phone`) VALUES ('134', 'Sydnee', 'DuBuque', 'agustina60@example.net', '38daa86f95f3a8737ac079d0ab90e635e1c9aa60', '8284809395');
INSERT INTO `users` (`id`, `firstname`, `lastname`, `email`, `password_hash`, `phone`) VALUES ('136', 'Nathan', 'Tillman', 'lcrooks@example.net', '259babbf0c83de67f0bc95847fa75d2b8a0cc7ac', '9053941927');
INSERT INTO `users` (`id`, `firstname`, `lastname`, `email`, `password_hash`, `phone`) VALUES ('138', 'Larry', 'Zboncak', 'lupe.schulist@example.com', 'e4969999dbba32878cdb868ffdcf6c19e2af96fe', '57');
INSERT INTO `users` (`id`, `firstname`, `lastname`, `email`, `password_hash`, `phone`) VALUES ('139', 'Laron', 'Dietrich', 'spinka.wendell@example.net', '84b4597f38f1146f1aeec61d64698b29cc4afe1b', '97');
INSERT INTO `users` (`id`, `firstname`, `lastname`, `email`, `password_hash`, `phone`) VALUES ('140', 'Derick', 'Price', 'jconn@example.net', 'e9d26d1f377573acd91cfe95b11ac5c7adfebd52', '570');
INSERT INTO `users` (`id`, `firstname`, `lastname`, `email`, `password_hash`, `phone`) VALUES ('143', 'Lauryn', 'O\'Reilly', 'alva.stehr@example.net', '61c52d0a22e651fa7b6a37d2deebfb5da37fad50', '904');
INSERT INTO `users` (`id`, `firstname`, `lastname`, `email`, `password_hash`, `phone`) VALUES ('144', 'Lupe', 'Cronin', 'xhodkiewicz@example.com', '57fe4453a0c4667a3f549c79a6441bb424b0204e', '47');
INSERT INTO `users` (`id`, `firstname`, `lastname`, `email`, `password_hash`, `phone`) VALUES ('145', 'Isabell', 'McGlynn', 'ahintz@example.net', '75eaa82909601e47e76b5bc8a7c8376fa8a00c82', '423');
INSERT INTO `users` (`id`, `firstname`, `lastname`, `email`, `password_hash`, `phone`) VALUES ('146', 'Buddy', 'Morissette', 'madge13@example.net', '0dbd95d3818f28479535699474d4d8aa4762bb6b', '45');
INSERT INTO `users` (`id`, `firstname`, `lastname`, `email`, `password_hash`, `phone`) VALUES ('147', 'Johan', 'Runolfsson', 'columbus.heller@example.com', 'd8b9020ed722b151a9616f10109efaeb7ddf443a', '569');
INSERT INTO `users` (`id`, `firstname`, `lastname`, `email`, `password_hash`, `phone`) VALUES ('148', 'Aaliyah', 'Dickinson', 'alaina.rice@example.com', 'e25e76604406d5e349b0f41c5a4ad5e9e664254b', '6660708230');
INSERT INTO `users` (`id`, `firstname`, `lastname`, `email`, `password_hash`, `phone`) VALUES ('151', 'Kirk', 'Mohr', 'elwyn.o\'conner@example.org', 'ce140148f19e78c66c0af0b3c32fdb0d8166ba6a', '6399843924');
INSERT INTO `users` (`id`, `firstname`, `lastname`, `email`, `password_hash`, `phone`) VALUES ('152', 'Zachery', 'Jacobs', 'acarter@example.com', '2c4615720dcf77b9e0496f235816a16ac6e32398', '32');
INSERT INTO `users` (`id`, `firstname`, `lastname`, `email`, `password_hash`, `phone`) VALUES ('153', 'Laurel', 'Hills', 'hegmann.alexane@example.net', '0b14cbd53753d888885f95ccb7a49e52c1ffe59e', '769');
INSERT INTO `users` (`id`, `firstname`, `lastname`, `email`, `password_hash`, `phone`) VALUES ('154', 'Lilla', 'Herman', 'trisha.smith@example.net', '076807e0e1fd4611cd4b5d96d512d2b6cc58989a', '43');
INSERT INTO `users` (`id`, `firstname`, `lastname`, `email`, `password_hash`, `phone`) VALUES ('157', 'Yoshiko', 'Casper', 'garland11@example.org', '68afc7fd1dc65e6a14b55a70fbaeeae3db7e8604', '63');
INSERT INTO `users` (`id`, `firstname`, `lastname`, `email`, `password_hash`, `phone`) VALUES ('159', 'Thurman', 'Denesik', 'matilde.sawayn@example.net', 'eb97cdbd8979204273e52507705b0b16c2e907db', '668387');
INSERT INTO `users` (`id`, `firstname`, `lastname`, `email`, `password_hash`, `phone`) VALUES ('160', 'Pauline', 'Feeney', 'alta.hettinger@example.org', 'da2e0849838db6a4ac7f499b0af100df849ef11d', '2738296170');
INSERT INTO `users` (`id`, `firstname`, `lastname`, `email`, `password_hash`, `phone`) VALUES ('164', 'Christopher', 'Sawayn', 'o\'hara.laverne@example.net', '292a08b6b8c2ae8ab910fdcf38b7e9aba7077c0f', '2604404703');
INSERT INTO `users` (`id`, `firstname`, `lastname`, `email`, `password_hash`, `phone`) VALUES ('165', 'Edythe', 'Schamberger', 'lprohaska@example.net', '01e24487ac8f6bbc21164234b3dbdb0eb60c511a', '31');
INSERT INTO `users` (`id`, `firstname`, `lastname`, `email`, `password_hash`, `phone`) VALUES ('170', 'Rosina', 'Nitzsche', 'ondricka.lori@example.com', 'ba308bd5357105161ca20d3e1b81fb149d3ba197', '885336');
INSERT INTO `users` (`id`, `firstname`, `lastname`, `email`, `password_hash`, `phone`) VALUES ('172', 'Rosie', 'Carroll', 'bart04@example.net', 'a6b1d48a12172cb7e57221aeb1637c75bf6608fd', '682');
INSERT INTO `users` (`id`, `firstname`, `lastname`, `email`, `password_hash`, `phone`) VALUES ('173', 'Chaz', 'Douglas', 'wtorphy@example.net', '0af11771acd6ad4834383287e84e5d0def352d3a', '203');
INSERT INTO `users` (`id`, `firstname`, `lastname`, `email`, `password_hash`, `phone`) VALUES ('174', 'Lamont', 'Willms', 'clay51@example.com', '137a31118fbebf7974a91817bcef150130ec7890', '805');
INSERT INTO `users` (`id`, `firstname`, `lastname`, `email`, `password_hash`, `phone`) VALUES ('177', 'Adella', 'Wilkinson', 'gcollins@example.net', 'c7ba9918d7d3e80187bd7b9a8d9e1b6a23bbad40', '4');
INSERT INTO `users` (`id`, `firstname`, `lastname`, `email`, `password_hash`, `phone`) VALUES ('178', 'Keyon', 'Terry', 'llewellyn30@example.net', 'b4c4435c39ad9bde61ec8f8b05379d139d4544de', '25');
INSERT INTO `users` (`id`, `firstname`, `lastname`, `email`, `password_hash`, `phone`) VALUES ('179', 'Tamara', 'Heathcote', 'jessie.langosh@example.com', '6ba57ebb5b12402ba46c9de177fe68bd2cc2943e', '4413096796');
INSERT INTO `users` (`id`, `firstname`, `lastname`, `email`, `password_hash`, `phone`) VALUES ('180', 'Dina', 'Cronin', 'mbartoletti@example.com', '8af18e0b2c3010f0869fd90bf348838ad32470c3', '373');
INSERT INTO `users` (`id`, `firstname`, `lastname`, `email`, `password_hash`, `phone`) VALUES ('181', 'Dominic', 'Spinka', 'wolf.myra@example.org', '2d10a29d9c60adc70fbef90566a40bde34bc492a', '850');
INSERT INTO `users` (`id`, `firstname`, `lastname`, `email`, `password_hash`, `phone`) VALUES ('183', 'Manley', 'Russel', 'nat60@example.com', '4eb3fd778a51062c56856bf9d882f6e382173e66', '360');
INSERT INTO `users` (`id`, `firstname`, `lastname`, `email`, `password_hash`, `phone`) VALUES ('184', 'Clark', 'Pfannerstill', 'hoyt48@example.com', 'c4dbd4c515d50314315dbeb5637c300c6dcb9cb8', '594021');
INSERT INTO `users` (`id`, `firstname`, `lastname`, `email`, `password_hash`, `phone`) VALUES ('185', 'Tina', 'Powlowski', 'lynch.lizeth@example.com', '420cb36bd44d1c2e982ac9b03f1945e15e0145a4', '892624');
INSERT INTO `users` (`id`, `firstname`, `lastname`, `email`, `password_hash`, `phone`) VALUES ('187', 'Victoria', 'Wuckert', 'albertha05@example.com', 'bf96561980892637376105e2e708a854d82fdc42', '459688');
INSERT INTO `users` (`id`, `firstname`, `lastname`, `email`, `password_hash`, `phone`) VALUES ('188', 'Luz', 'Nicolas', 'mccullough.jake@example.net', 'c95e06aa127fcb5ad8ef3a9753e27f1037045f9f', '180924');
INSERT INTO `users` (`id`, `firstname`, `lastname`, `email`, `password_hash`, `phone`) VALUES ('189', 'Ignacio', 'Gulgowski', 'lila63@example.net', '3cf5642bd8eaa151e7e0b6e6c9f7c245e2156f96', '471');
INSERT INTO `users` (`id`, `firstname`, `lastname`, `email`, `password_hash`, `phone`) VALUES ('192', 'Stanton', 'Grady', 'smclaughlin@example.net', '08c1cc5f23713c8e386590191b1b6898a6e348a5', '993973');
INSERT INTO `users` (`id`, `firstname`, `lastname`, `email`, `password_hash`, `phone`) VALUES ('194', 'Ladarius', 'Hettinger', 'mraz.maureen@example.org', 'acdf8057efdc323c385de6cc6d22d4bc8cc5aa60', '289');
INSERT INTO `users` (`id`, `firstname`, `lastname`, `email`, `password_hash`, `phone`) VALUES ('195', 'Theodore', 'Friesen', 'wiegand.edyth@example.com', '696e3f4cb7ea4c731a21affa0b067627472d784c', '280870');
INSERT INTO `users` (`id`, `firstname`, `lastname`, `email`, `password_hash`, `phone`) VALUES ('196', 'Martin', 'Stanton', 'kathleen89@example.net', 'c667c5b9e4a690d0fc1c68a94b7ce5f2d79db5ad', '48484');
INSERT INTO `users` (`id`, `firstname`, `lastname`, `email`, `password_hash`, `phone`) VALUES ('197', 'Shad', 'Oberbrunner', 'kellie.johnson@example.net', 'e39ebc60c660aa0a9f9bbb15f2df7fe07db70716', '9255860642');
INSERT INTO `users` (`id`, `firstname`, `lastname`, `email`, `password_hash`, `phone`) VALUES ('200', 'Bill', 'Ebert', 'koepp.lorenzo@example.org', '3c956a7b178d3ce7e031c124cd64c6e694811bfa', '244');

INSERT INTO `media_types` (`id`, `name`, `created_at`, `updated_at`) VALUES ('1', 'consequuntur', '1972-11-29 20:19:00', '2013-06-30 13:41:09');
INSERT INTO `media_types` (`id`, `name`, `created_at`, `updated_at`) VALUES ('2', 'ea', '1989-11-22 07:12:54', '1977-07-16 20:11:07');
INSERT INTO `media_types` (`id`, `name`, `created_at`, `updated_at`) VALUES ('3', 'non', '1978-12-17 04:56:36', '1996-07-24 20:01:32');
INSERT INTO `media_types` (`id`, `name`, `created_at`, `updated_at`) VALUES ('4', 'voluptatem', '1996-02-09 21:20:07', '1981-10-15 16:01:29');

INSERT INTO `profiles` (`user_id`, `gender`, `birthday`, `photo_id`, `created_at`, `hometown`) VALUES ('101', 'x', '2001-03-25', '1', '2009-08-14 21:29:41', 'occaecati');
INSERT INTO `profiles` (`user_id`, `gender`, `birthday`, `photo_id`, `created_at`, `hometown`) VALUES ('103', 'p', '1999-04-21', '2', '2001-01-10 19:28:46', 'illum');
INSERT INTO `profiles` (`user_id`, `gender`, `birthday`, `photo_id`, `created_at`, `hometown`) VALUES ('104', 'b', '2012-10-07', '3', '1986-07-31 19:09:56', 'quisquam');
INSERT INTO `profiles` (`user_id`, `gender`, `birthday`, `photo_id`, `created_at`, `hometown`) VALUES ('105', 't', '1994-02-13', '4', '1975-12-17 02:29:59', 'cum');
INSERT INTO `profiles` (`user_id`, `gender`, `birthday`, `photo_id`, `created_at`, `hometown`) VALUES ('106', 'q', '2009-07-13', '5', '1982-08-09 07:28:15', 'quasi');
INSERT INTO `profiles` (`user_id`, `gender`, `birthday`, `photo_id`, `created_at`, `hometown`) VALUES ('107', 'q', '1977-05-13', '6', '1989-03-23 09:48:55', 'et');
INSERT INTO `profiles` (`user_id`, `gender`, `birthday`, `photo_id`, `created_at`, `hometown`) VALUES ('108', 'z', '2001-02-19', '7', '1996-02-15 20:11:18', 'doloribus');
INSERT INTO `profiles` (`user_id`, `gender`, `birthday`, `photo_id`, `created_at`, `hometown`) VALUES ('109', 'd', '1979-05-21', '8', '2013-05-03 16:03:33', 'possimus');
INSERT INTO `profiles` (`user_id`, `gender`, `birthday`, `photo_id`, `created_at`, `hometown`) VALUES ('112', 'u', '1987-04-30', '9', '2014-09-16 22:54:16', 'non');
INSERT INTO `profiles` (`user_id`, `gender`, `birthday`, `photo_id`, `created_at`, `hometown`) VALUES ('113', 'i', '2021-08-04', '10', '2016-09-02 21:45:59', 'dolores');
INSERT INTO `profiles` (`user_id`, `gender`, `birthday`, `photo_id`, `created_at`, `hometown`) VALUES ('114', 'g', '2011-10-07', '11', '2010-10-11 00:55:31', 'iusto');
INSERT INTO `profiles` (`user_id`, `gender`, `birthday`, `photo_id`, `created_at`, `hometown`) VALUES ('117', 'p', '1976-11-03', '12', '1998-03-28 04:47:41', 'animi');
INSERT INTO `profiles` (`user_id`, `gender`, `birthday`, `photo_id`, `created_at`, `hometown`) VALUES ('118', 'm', '2007-01-30', '13', '1993-08-11 02:50:57', 'ratione');
INSERT INTO `profiles` (`user_id`, `gender`, `birthday`, `photo_id`, `created_at`, `hometown`) VALUES ('119', 'f', '2002-12-19', '14', '2008-06-12 13:37:55', 'quis');
INSERT INTO `profiles` (`user_id`, `gender`, `birthday`, `photo_id`, `created_at`, `hometown`) VALUES ('120', 'q', '1997-02-28', '15', '1978-11-18 02:24:56', 'voluptatem');
INSERT INTO `profiles` (`user_id`, `gender`, `birthday`, `photo_id`, `created_at`, `hometown`) VALUES ('121', 'o', '2021-04-07', '16', '1995-01-14 07:49:33', 'nihil');
INSERT INTO `profiles` (`user_id`, `gender`, `birthday`, `photo_id`, `created_at`, `hometown`) VALUES ('122', 'z', '1990-02-01', '17', '2007-10-07 11:42:01', 'repudiandae');
INSERT INTO `profiles` (`user_id`, `gender`, `birthday`, `photo_id`, `created_at`, `hometown`) VALUES ('125', 'y', '1982-08-18', '18', '1988-09-23 10:03:51', 'quas');
INSERT INTO `profiles` (`user_id`, `gender`, `birthday`, `photo_id`, `created_at`, `hometown`) VALUES ('126', 'b', '1978-10-22', '19', '1985-08-15 11:15:41', 'laudantium');
INSERT INTO `profiles` (`user_id`, `gender`, `birthday`, `photo_id`, `created_at`, `hometown`) VALUES ('127', 'c', '2001-08-20', '20', '1978-01-10 10:20:42', 'qui');
INSERT INTO `profiles` (`user_id`, `gender`, `birthday`, `photo_id`, `created_at`, `hometown`) VALUES ('129', 'l', '2010-11-06', '21', '1994-11-03 14:31:15', 'commodi');
INSERT INTO `profiles` (`user_id`, `gender`, `birthday`, `photo_id`, `created_at`, `hometown`) VALUES ('130', 'd', '2008-05-14', '22', '1984-10-01 02:45:18', 'natus');
INSERT INTO `profiles` (`user_id`, `gender`, `birthday`, `photo_id`, `created_at`, `hometown`) VALUES ('133', 'n', '1981-05-06', '23', '1987-09-06 22:19:55', 'cumque');
INSERT INTO `profiles` (`user_id`, `gender`, `birthday`, `photo_id`, `created_at`, `hometown`) VALUES ('134', 'y', '2006-12-11', '24', '1975-05-09 14:08:07', 'ut');
INSERT INTO `profiles` (`user_id`, `gender`, `birthday`, `photo_id`, `created_at`, `hometown`) VALUES ('136', 'q', '2015-07-23', '25', '1981-09-17 22:07:06', 'dolor');
INSERT INTO `profiles` (`user_id`, `gender`, `birthday`, `photo_id`, `created_at`, `hometown`) VALUES ('138', 'j', '2004-05-15', '26', '1979-09-20 11:40:28', 'qui');
INSERT INTO `profiles` (`user_id`, `gender`, `birthday`, `photo_id`, `created_at`, `hometown`) VALUES ('139', 'u', '2008-04-12', '27', '1977-06-14 05:45:30', 'et');
INSERT INTO `profiles` (`user_id`, `gender`, `birthday`, `photo_id`, `created_at`, `hometown`) VALUES ('140', 'p', '2001-01-21', '28', '1997-09-05 01:17:46', 'corporis');
INSERT INTO `profiles` (`user_id`, `gender`, `birthday`, `photo_id`, `created_at`, `hometown`) VALUES ('143', 'j', '2019-04-11', '29', '2002-05-10 21:38:33', 'culpa');
INSERT INTO `profiles` (`user_id`, `gender`, `birthday`, `photo_id`, `created_at`, `hometown`) VALUES ('144', 'v', '1975-03-09', '30', '1987-11-01 05:40:01', 'porro');
INSERT INTO `profiles` (`user_id`, `gender`, `birthday`, `photo_id`, `created_at`, `hometown`) VALUES ('145', 'o', '1973-03-29', '31', '1997-10-28 20:20:37', 'odit');
INSERT INTO `profiles` (`user_id`, `gender`, `birthday`, `photo_id`, `created_at`, `hometown`) VALUES ('146', 'y', '1997-06-19', '32', '2011-01-06 05:25:56', 'ab');
INSERT INTO `profiles` (`user_id`, `gender`, `birthday`, `photo_id`, `created_at`, `hometown`) VALUES ('147', 'd', '2010-01-19', '33', '1983-04-06 10:23:17', 'ut');
INSERT INTO `profiles` (`user_id`, `gender`, `birthday`, `photo_id`, `created_at`, `hometown`) VALUES ('148', 'e', '2012-09-01', '34', '1980-12-21 09:39:12', 'ullam');
INSERT INTO `profiles` (`user_id`, `gender`, `birthday`, `photo_id`, `created_at`, `hometown`) VALUES ('151', 'f', '1972-06-29', '35', '1980-04-10 06:50:24', 'sunt');
INSERT INTO `profiles` (`user_id`, `gender`, `birthday`, `photo_id`, `created_at`, `hometown`) VALUES ('152', 'q', '2020-08-01', '36', '2020-05-16 03:37:46', 'reprehenderit');
INSERT INTO `profiles` (`user_id`, `gender`, `birthday`, `photo_id`, `created_at`, `hometown`) VALUES ('153', 'd', '2006-01-24', '37', '2021-09-22 17:54:27', 'odit');
INSERT INTO `profiles` (`user_id`, `gender`, `birthday`, `photo_id`, `created_at`, `hometown`) VALUES ('154', 'z', '2004-06-15', '38', '1989-06-21 03:26:57', 'ut');
INSERT INTO `profiles` (`user_id`, `gender`, `birthday`, `photo_id`, `created_at`, `hometown`) VALUES ('157', 'w', '2019-09-23', '39', '1978-02-01 04:17:33', 'sint');
INSERT INTO `profiles` (`user_id`, `gender`, `birthday`, `photo_id`, `created_at`, `hometown`) VALUES ('159', 'n', '2000-04-14', '40', '2019-06-23 18:13:38', 'rerum');
INSERT INTO `profiles` (`user_id`, `gender`, `birthday`, `photo_id`, `created_at`, `hometown`) VALUES ('160', 'y', '1988-01-28', '41', '1972-07-13 21:24:35', 'ab');
INSERT INTO `profiles` (`user_id`, `gender`, `birthday`, `photo_id`, `created_at`, `hometown`) VALUES ('164', 'g', '1997-12-15', '42', '1997-01-19 04:06:56', 'optio');
INSERT INTO `profiles` (`user_id`, `gender`, `birthday`, `photo_id`, `created_at`, `hometown`) VALUES ('165', 'f', '2020-10-02', '43', '2019-03-31 10:02:37', 'et');
INSERT INTO `profiles` (`user_id`, `gender`, `birthday`, `photo_id`, `created_at`, `hometown`) VALUES ('170', 'z', '2008-07-23', '44', '2001-12-19 01:00:51', 'cumque');
INSERT INTO `profiles` (`user_id`, `gender`, `birthday`, `photo_id`, `created_at`, `hometown`) VALUES ('172', 'u', '1998-05-25', '45', '1994-09-21 16:44:12', 'aut');
INSERT INTO `profiles` (`user_id`, `gender`, `birthday`, `photo_id`, `created_at`, `hometown`) VALUES ('173', 'a', '1993-08-30', '46', '1990-03-12 19:17:28', 'blanditiis');
INSERT INTO `profiles` (`user_id`, `gender`, `birthday`, `photo_id`, `created_at`, `hometown`) VALUES ('174', 'd', '1972-01-14', '47', '2019-03-30 18:34:14', 'quo');
INSERT INTO `profiles` (`user_id`, `gender`, `birthday`, `photo_id`, `created_at`, `hometown`) VALUES ('177', 'h', '1979-09-18', '48', '2020-01-12 03:30:57', 'dolorem');
INSERT INTO `profiles` (`user_id`, `gender`, `birthday`, `photo_id`, `created_at`, `hometown`) VALUES ('178', 'd', '1977-08-28', '49', '1976-08-04 03:54:53', 'sed');
INSERT INTO `profiles` (`user_id`, `gender`, `birthday`, `photo_id`, `created_at`, `hometown`) VALUES ('179', 's', '1993-09-28', '50', '1983-11-08 23:09:48', 'fugiat');
INSERT INTO `profiles` (`user_id`, `gender`, `birthday`, `photo_id`, `created_at`, `hometown`) VALUES ('180', 's', '1985-11-10', '51', '2012-07-03 15:02:43', 'autem');
INSERT INTO `profiles` (`user_id`, `gender`, `birthday`, `photo_id`, `created_at`, `hometown`) VALUES ('181', 'd', '1984-06-12', '52', '2005-02-07 02:19:51', 'ad');
INSERT INTO `profiles` (`user_id`, `gender`, `birthday`, `photo_id`, `created_at`, `hometown`) VALUES ('183', 'v', '2020-05-09', '53', '2002-12-16 04:25:02', 'eligendi');
INSERT INTO `profiles` (`user_id`, `gender`, `birthday`, `photo_id`, `created_at`, `hometown`) VALUES ('184', 'k', '1998-09-13', '54', '1985-08-24 09:28:51', 'aut');
INSERT INTO `profiles` (`user_id`, `gender`, `birthday`, `photo_id`, `created_at`, `hometown`) VALUES ('185', 'h', '2002-11-09', '55', '1985-10-12 07:02:55', 'itaque');
INSERT INTO `profiles` (`user_id`, `gender`, `birthday`, `photo_id`, `created_at`, `hometown`) VALUES ('187', 'i', '1977-11-16', '56', '2006-09-04 10:54:41', 'labore');
INSERT INTO `profiles` (`user_id`, `gender`, `birthday`, `photo_id`, `created_at`, `hometown`) VALUES ('188', 'k', '1994-03-12', '57', '1979-05-08 17:09:56', 'unde');
INSERT INTO `profiles` (`user_id`, `gender`, `birthday`, `photo_id`, `created_at`, `hometown`) VALUES ('189', 'y', '1974-08-20', '58', '1978-12-02 10:21:41', 'suscipit');
INSERT INTO `profiles` (`user_id`, `gender`, `birthday`, `photo_id`, `created_at`, `hometown`) VALUES ('192', 'j', '1979-12-14', '59', '2000-10-26 05:02:06', 'est');
INSERT INTO `profiles` (`user_id`, `gender`, `birthday`, `photo_id`, `created_at`, `hometown`) VALUES ('194', 'w', '1972-08-21', '60', '1979-10-02 01:29:49', 'dolorem');
INSERT INTO `profiles` (`user_id`, `gender`, `birthday`, `photo_id`, `created_at`, `hometown`) VALUES ('195', 'f', '2001-04-01', '61', '2015-03-24 14:23:35', 'eos');
INSERT INTO `profiles` (`user_id`, `gender`, `birthday`, `photo_id`, `created_at`, `hometown`) VALUES ('196', 'l', '1985-07-12', '62', '1980-08-30 20:50:57', 'veniam');
INSERT INTO `profiles` (`user_id`, `gender`, `birthday`, `photo_id`, `created_at`, `hometown`) VALUES ('197', 'o', '1993-02-16', '63', '1980-12-25 09:30:11', 'explicabo');
INSERT INTO `profiles` (`user_id`, `gender`, `birthday`, `photo_id`, `created_at`, `hometown`) VALUES ('200', 'a', '1992-01-30', '64', '1977-10-04 13:57:17', 'dolores');
INSERT INTO `messages` (`id`, `from_user_id`, `to_user_id`, `body`, `created_at`) VALUES ('1', '101', '101', 'Quo dignissimos autem odit laudantium. Ipsa beatae vitae sit cum at omnis ducimus. Dolor nihil quas odit harum.', '2000-10-20 22:49:51');
INSERT INTO `messages` (`id`, `from_user_id`, `to_user_id`, `body`, `created_at`) VALUES ('2', '103', '103', 'Officiis sint sint iure et assumenda repellat recusandae aliquam. Sed at iusto molestias voluptate autem officia minus. Aliquam qui aliquam corrupti quia dolores iure doloremque. Laborum rerum reprehenderit magnam ut unde libero maxime aut.', '1997-05-31 06:37:30');
INSERT INTO `messages` (`id`, `from_user_id`, `to_user_id`, `body`, `created_at`) VALUES ('3', '104', '104', 'Quaerat aut animi sit minus esse hic. Rerum necessitatibus facere odio itaque nulla delectus odio. Aut architecto est quia optio aut nesciunt.', '1984-01-10 08:22:49');
INSERT INTO `messages` (`id`, `from_user_id`, `to_user_id`, `body`, `created_at`) VALUES ('4', '105', '105', 'Quasi voluptas provident perspiciatis aut autem asperiores harum. Commodi et officiis et in voluptas debitis. Laudantium voluptatem laborum corporis. Nihil aspernatur similique ipsa quo sequi.', '1975-05-23 03:59:00');
INSERT INTO `messages` (`id`, `from_user_id`, `to_user_id`, `body`, `created_at`) VALUES ('5', '106', '106', 'Nihil repudiandae numquam quis similique suscipit aliquid. Consequatur et vel quas eum nesciunt. Perspiciatis id et fuga id quia architecto velit. Eligendi fugiat vero omnis sequi facere.', '1996-05-20 23:26:12');
INSERT INTO `messages` (`id`, `from_user_id`, `to_user_id`, `body`, `created_at`) VALUES ('6', '107', '107', 'Fugit at nisi natus enim eveniet. Incidunt assumenda qui eum assumenda.', '2008-10-10 02:40:27');
INSERT INTO `messages` (`id`, `from_user_id`, `to_user_id`, `body`, `created_at`) VALUES ('7', '108', '108', 'Ut blanditiis vel reiciendis quo optio blanditiis harum. Eum consequatur aut deserunt totam. Quasi tempore dicta pariatur dignissimos. Quibusdam magni ullam quasi quia perferendis. Eius dolorum atque omnis aspernatur.', '1994-08-27 10:12:44');
INSERT INTO `messages` (`id`, `from_user_id`, `to_user_id`, `body`, `created_at`) VALUES ('8', '109', '109', 'Adipisci facere impedit porro ratione exercitationem quam. Repudiandae qui totam corporis dolorem suscipit quod accusamus. Facilis cumque natus quia maiores maxime aperiam nam pariatur.', '1982-04-16 21:40:40');
INSERT INTO `messages` (`id`, `from_user_id`, `to_user_id`, `body`, `created_at`) VALUES ('9', '112', '112', 'Impedit error tenetur deserunt accusamus eum veniam. Aperiam sunt atque natus voluptatem. Et quidem et in corporis vitae et.', '2004-01-09 18:35:52');
INSERT INTO `messages` (`id`, `from_user_id`, `to_user_id`, `body`, `created_at`) VALUES ('10', '113', '113', 'Et unde similique eos eos quo sequi. Rerum dolorem deleniti in soluta. Non totam dolorem magnam et beatae quasi et ad.', '2000-06-10 22:16:42');
INSERT INTO `messages` (`id`, `from_user_id`, `to_user_id`, `body`, `created_at`) VALUES ('11', '114', '114', 'Excepturi error rerum aspernatur labore sed. Officiis quos quod cupiditate veniam est quis dolor. Voluptatem maiores magnam magnam quidem. Enim quos alias voluptatum voluptas repellendus quaerat.', '2001-09-09 06:31:10');
INSERT INTO `messages` (`id`, `from_user_id`, `to_user_id`, `body`, `created_at`) VALUES ('12', '117', '117', 'At voluptatem et unde impedit id quod. Ad quaerat quia non expedita qui minus reiciendis. Veritatis consequatur sunt architecto voluptatum voluptatem cum.', '2003-06-21 18:42:25');
INSERT INTO `messages` (`id`, `from_user_id`, `to_user_id`, `body`, `created_at`) VALUES ('13', '118', '118', 'Quaerat omnis nostrum quis eum eos. Explicabo modi praesentium voluptas inventore non laborum laudantium. Non sapiente culpa ullam soluta omnis. Minima et dicta fuga sed dolorum et.', '2002-05-15 07:21:04');
INSERT INTO `messages` (`id`, `from_user_id`, `to_user_id`, `body`, `created_at`) VALUES ('14', '119', '119', 'Ducimus quidem ad vel tenetur. Omnis et rem enim earum voluptates. Et sit accusamus voluptatem illum. Qui ut consequuntur voluptatum sint sint.', '1997-12-14 06:11:54');
INSERT INTO `messages` (`id`, `from_user_id`, `to_user_id`, `body`, `created_at`) VALUES ('15', '120', '120', 'Porro facilis hic adipisci impedit eveniet. Saepe et laudantium sunt quasi repellat deserunt ut. Delectus consequatur voluptatum sunt sed amet. Est non omnis sit rerum. Dicta doloremque labore totam et.', '1990-03-19 18:43:14');
INSERT INTO `messages` (`id`, `from_user_id`, `to_user_id`, `body`, `created_at`) VALUES ('16', '121', '121', 'Labore deserunt qui placeat amet tempore optio eaque. Aut nam nam voluptas ea ipsa culpa reprehenderit voluptatibus. Ut voluptatem eaque est inventore provident doloribus occaecati.', '2019-11-04 01:39:58');
INSERT INTO `messages` (`id`, `from_user_id`, `to_user_id`, `body`, `created_at`) VALUES ('17', '122', '122', 'Voluptatum vel sed aperiam in omnis. Consequatur nostrum inventore labore dicta maxime quos sit. Fugiat doloremque qui adipisci. Non consequuntur consequatur consequatur quasi ut.', '2002-08-31 22:52:55');
INSERT INTO `messages` (`id`, `from_user_id`, `to_user_id`, `body`, `created_at`) VALUES ('18', '125', '125', 'Et impedit doloribus repudiandae ipsam. Quae est voluptas tempora voluptatibus. Dolores velit quaerat consequuntur quae.', '1980-02-06 19:01:36');
INSERT INTO `messages` (`id`, `from_user_id`, `to_user_id`, `body`, `created_at`) VALUES ('19', '126', '126', 'Deleniti maxime enim nostrum. Quam impedit totam expedita distinctio. Omnis veniam nemo cupiditate tempore dolorem beatae debitis optio. Molestias deleniti at ullam alias ab et.', '2009-09-23 23:09:50');
INSERT INTO `messages` (`id`, `from_user_id`, `to_user_id`, `body`, `created_at`) VALUES ('20', '127', '127', 'Quia officiis sit porro sequi. Ut esse aspernatur quis error. Quibusdam aut quibusdam error delectus corporis odit perferendis fugit. Dicta harum harum qui error occaecati optio itaque.', '2002-09-16 20:48:01');
INSERT INTO `messages` (`id`, `from_user_id`, `to_user_id`, `body`, `created_at`) VALUES ('21', '129', '129', 'Expedita asperiores reiciendis eaque sint. Quia est enim dolorum. Aliquid sit deleniti est officiis.', '2016-03-19 13:34:40');
INSERT INTO `messages` (`id`, `from_user_id`, `to_user_id`, `body`, `created_at`) VALUES ('22', '130', '130', 'Voluptatem sint ducimus praesentium libero provident. Quia iure occaecati voluptatem voluptas iusto sit deserunt. Maxime ut itaque et.', '1976-08-14 05:17:57');
INSERT INTO `messages` (`id`, `from_user_id`, `to_user_id`, `body`, `created_at`) VALUES ('23', '133', '133', 'Sit consequuntur at consequuntur maxime. Est deleniti dolores aut perspiciatis expedita. Saepe excepturi non cumque soluta omnis exercitationem.', '2006-02-24 01:34:43');
INSERT INTO `messages` (`id`, `from_user_id`, `to_user_id`, `body`, `created_at`) VALUES ('24', '134', '134', 'Rem autem soluta qui voluptas dolor. Quaerat illo delectus nemo similique nam. Sequi est commodi tenetur exercitationem maiores. Omnis quos omnis tempore nisi.', '1971-10-31 09:54:13');
INSERT INTO `messages` (`id`, `from_user_id`, `to_user_id`, `body`, `created_at`) VALUES ('25', '136', '136', 'Dolorum laudantium labore eveniet inventore eos voluptatem. Laborum rerum velit iusto eveniet. Totam ut possimus rerum laboriosam nam voluptas.', '2008-10-19 07:36:23');
INSERT INTO `messages` (`id`, `from_user_id`, `to_user_id`, `body`, `created_at`) VALUES ('26', '138', '138', 'Expedita ducimus a eum et. Exercitationem facilis labore a deleniti voluptas. Iure perferendis cupiditate vel consequuntur.', '2000-02-02 15:26:20');
INSERT INTO `messages` (`id`, `from_user_id`, `to_user_id`, `body`, `created_at`) VALUES ('27', '139', '139', 'Enim voluptas corporis itaque doloremque et. Delectus at nulla aliquam maxime tenetur incidunt. Facilis ut sint consequuntur voluptas.', '2013-11-08 15:45:37');
INSERT INTO `messages` (`id`, `from_user_id`, `to_user_id`, `body`, `created_at`) VALUES ('28', '140', '140', 'Sint alias non nisi qui quia. Sit expedita sit ut et voluptas. Laboriosam eveniet et cumque quidem. Laudantium aut illo et rem.', '1979-08-25 19:49:06');
INSERT INTO `messages` (`id`, `from_user_id`, `to_user_id`, `body`, `created_at`) VALUES ('29', '143', '143', 'Ratione ut eius ipsum earum. Repellat illo quae natus sunt iste veritatis.', '1975-11-28 14:10:26');
INSERT INTO `messages` (`id`, `from_user_id`, `to_user_id`, `body`, `created_at`) VALUES ('30', '144', '144', 'Qui dolore possimus non. Illo dolore animi ut tenetur. Quia repellat voluptas ex animi rem velit aut. At sapiente est ut et.', '1979-03-01 00:02:04');
INSERT INTO `messages` (`id`, `from_user_id`, `to_user_id`, `body`, `created_at`) VALUES ('31', '145', '145', 'Explicabo qui ipsam tenetur magnam aspernatur dolor. Et voluptas totam qui. Impedit laborum nesciunt assumenda ut explicabo quia.', '1980-05-19 15:41:45');
INSERT INTO `messages` (`id`, `from_user_id`, `to_user_id`, `body`, `created_at`) VALUES ('32', '146', '146', 'Sit perferendis ut et reiciendis illo accusamus. Nisi molestias et quis adipisci dolorum. Officia rerum omnis at eos possimus dolor.', '1977-02-23 04:05:04');
INSERT INTO `messages` (`id`, `from_user_id`, `to_user_id`, `body`, `created_at`) VALUES ('33', '147', '147', 'Earum reprehenderit rerum harum enim minima. Voluptate explicabo esse eveniet earum et ex ut. Est nobis rerum ut ipsa ipsa facere quos. Fugiat vel ad perferendis sunt nemo. Blanditiis odio temporibus ad veniam consequatur officia.', '1988-07-26 17:49:10');
INSERT INTO `messages` (`id`, `from_user_id`, `to_user_id`, `body`, `created_at`) VALUES ('34', '148', '148', 'Eum omnis molestiae non quo. Deleniti eum molestias omnis id. Delectus tempora rerum sed dolor.', '1972-11-24 06:07:15');
INSERT INTO `messages` (`id`, `from_user_id`, `to_user_id`, `body`, `created_at`) VALUES ('35', '151', '151', 'Doloribus voluptates quae quaerat sed quis ipsam tenetur. Aut mollitia aut est a explicabo. Laboriosam debitis sapiente veniam quasi.', '1993-12-12 16:31:00');
INSERT INTO `messages` (`id`, `from_user_id`, `to_user_id`, `body`, `created_at`) VALUES ('36', '152', '152', 'Est ut eos occaecati voluptatum quo et. Aspernatur sit ut ut consectetur eum ad. A qui quo amet repellat sint sit.', '2005-01-21 22:55:07');
INSERT INTO `messages` (`id`, `from_user_id`, `to_user_id`, `body`, `created_at`) VALUES ('37', '153', '153', 'Tempore eos blanditiis harum eos laboriosam magni. Voluptas facilis cumque qui enim quia. Eum et aut in eligendi aut non pariatur dolore. Tempore eligendi doloremque odio ut.', '1991-11-11 22:31:28');
INSERT INTO `messages` (`id`, `from_user_id`, `to_user_id`, `body`, `created_at`) VALUES ('38', '154', '154', 'Velit consequatur magnam fugit eligendi. Porro iusto dignissimos perspiciatis. Aut molestiae quam expedita totam.', '1982-11-06 11:32:07');
INSERT INTO `messages` (`id`, `from_user_id`, `to_user_id`, `body`, `created_at`) VALUES ('39', '157', '157', 'Id ratione consequuntur et sed. Voluptatem expedita dolorem aut.', '2009-05-14 02:25:19');
INSERT INTO `messages` (`id`, `from_user_id`, `to_user_id`, `body`, `created_at`) VALUES ('40', '159', '159', 'Eveniet aperiam quos eum eius et. Sed sint voluptatem iusto asperiores error. Repellat provident est inventore autem explicabo sit. Harum illo voluptatibus cum dicta id quidem non nihil.', '1982-11-04 14:08:10');
INSERT INTO `messages` (`id`, `from_user_id`, `to_user_id`, `body`, `created_at`) VALUES ('41', '160', '160', 'Temporibus dolorem dignissimos id aut qui ipsa inventore. Error dolores voluptatem reiciendis enim ullam incidunt assumenda molestias. Modi soluta molestiae libero ipsa.', '1971-10-14 15:37:19');
INSERT INTO `messages` (`id`, `from_user_id`, `to_user_id`, `body`, `created_at`) VALUES ('42', '164', '164', 'Nisi quia a amet earum. Nesciunt veritatis sapiente id officiis eum repellendus. Eaque temporibus odit vero voluptas laboriosam enim. Atque sunt et doloribus deserunt minus.', '2001-02-07 10:52:49');
INSERT INTO `messages` (`id`, `from_user_id`, `to_user_id`, `body`, `created_at`) VALUES ('43', '165', '165', 'Dicta est sint provident doloribus laborum labore sapiente quibusdam. Ut quos sed voluptas aut maiores voluptate. Aut est aut quod incidunt et. Architecto reprehenderit architecto provident praesentium.', '1987-04-10 05:14:51');
INSERT INTO `messages` (`id`, `from_user_id`, `to_user_id`, `body`, `created_at`) VALUES ('44', '170', '170', 'Aut est aut mollitia ducimus animi est sit delectus. Qui repellendus enim nulla praesentium odio itaque dolores. Aut numquam porro quisquam tenetur. Aut doloremque autem a mollitia totam voluptate.', '1985-07-30 02:23:50');
INSERT INTO `messages` (`id`, `from_user_id`, `to_user_id`, `body`, `created_at`) VALUES ('45', '172', '172', 'Laborum molestias impedit nihil unde nostrum reprehenderit blanditiis. Dolorem harum similique quia veritatis suscipit. A natus et qui rerum doloremque ut perferendis. Id ut doloremque eos dignissimos. Eius deserunt neque fuga.', '1977-02-12 05:31:14');
INSERT INTO `messages` (`id`, `from_user_id`, `to_user_id`, `body`, `created_at`) VALUES ('46', '173', '173', 'Velit repellendus est fugit voluptatem ipsam voluptas sequi. Asperiores eum tempora consectetur sint iure. Quasi ratione in pariatur. Vel ea harum suscipit dolor accusantium quia.', '2018-12-12 12:55:40');
INSERT INTO `messages` (`id`, `from_user_id`, `to_user_id`, `body`, `created_at`) VALUES ('47', '174', '174', 'Vero est nisi laboriosam est sit ducimus. Numquam veritatis vel accusantium incidunt ex.', '2007-09-21 14:18:41');
INSERT INTO `messages` (`id`, `from_user_id`, `to_user_id`, `body`, `created_at`) VALUES ('48', '177', '177', 'Et veniam unde molestiae vitae. Consequatur laboriosam veritatis quis laborum et aut. Pariatur voluptatem explicabo harum.', '1986-04-17 03:00:58');
INSERT INTO `messages` (`id`, `from_user_id`, `to_user_id`, `body`, `created_at`) VALUES ('49', '178', '178', 'Vitae error consequatur beatae non. Inventore aliquam occaecati dolorem consequatur iure fugit quas. Dolores occaecati cupiditate dolorem quia unde.', '1976-02-07 17:27:54');
INSERT INTO `messages` (`id`, `from_user_id`, `to_user_id`, `body`, `created_at`) VALUES ('50', '179', '179', 'Omnis sed atque enim quis consequuntur. Aut quis quia et placeat est dicta voluptatum.', '2001-02-13 00:13:30');
INSERT INTO `messages` (`id`, `from_user_id`, `to_user_id`, `body`, `created_at`) VALUES ('51', '180', '180', 'Natus amet quos ipsam aut qui beatae est. Nulla culpa et enim delectus. Occaecati blanditiis debitis quia.', '1972-04-12 14:51:40');
INSERT INTO `messages` (`id`, `from_user_id`, `to_user_id`, `body`, `created_at`) VALUES ('52', '181', '181', 'Praesentium facere vero aut quod. Temporibus amet rerum adipisci iste impedit. Aut est repellendus repellendus dicta nulla. Aut in a laudantium dolores vel sit.', '1984-09-08 22:28:56');
INSERT INTO `messages` (`id`, `from_user_id`, `to_user_id`, `body`, `created_at`) VALUES ('53', '183', '183', 'Voluptas rerum illum sed esse vero deserunt rerum. Temporibus qui est aliquid expedita voluptatem. Doloribus enim eos sed esse iusto voluptatem earum. Est id et dolorem ut praesentium iste.', '1974-06-08 00:09:27');
INSERT INTO `messages` (`id`, `from_user_id`, `to_user_id`, `body`, `created_at`) VALUES ('54', '184', '184', 'Neque quaerat laudantium qui nostrum. Omnis dolores vitae modi ipsum voluptatem quasi deleniti. Et fuga veniam qui velit veritatis aut architecto nulla. Quis dignissimos at et autem iste dolores.', '1979-05-30 18:46:13');
INSERT INTO `messages` (`id`, `from_user_id`, `to_user_id`, `body`, `created_at`) VALUES ('55', '185', '185', 'Eligendi nihil molestiae vel magni eaque. Ipsa accusantium ex magni magnam ab in. Nihil ex sunt id ipsam odit corporis dignissimos. Quia impedit et hic aut similique.', '2017-08-17 19:23:29');
INSERT INTO `messages` (`id`, `from_user_id`, `to_user_id`, `body`, `created_at`) VALUES ('56', '187', '187', 'Esse consequatur suscipit modi ut voluptates. Recusandae eligendi dolorem at totam nesciunt. Enim assumenda optio voluptates optio voluptas.', '2008-09-07 14:33:34');
INSERT INTO `messages` (`id`, `from_user_id`, `to_user_id`, `body`, `created_at`) VALUES ('57', '188', '188', 'A officiis velit odit doloremque quaerat accusamus in sit. Omnis eaque ut harum debitis aut dignissimos. Aut voluptatem facilis nisi.', '2000-07-22 19:24:33');
INSERT INTO `messages` (`id`, `from_user_id`, `to_user_id`, `body`, `created_at`) VALUES ('58', '189', '189', 'Qui ea natus inventore. Libero quia neque temporibus voluptas ipsum adipisci. Laborum tenetur voluptatem dignissimos enim et.', '1986-10-31 03:56:22');
INSERT INTO `messages` (`id`, `from_user_id`, `to_user_id`, `body`, `created_at`) VALUES ('59', '192', '192', 'Totam rerum et voluptate necessitatibus qui. Sed a cum ut eaque inventore fuga distinctio. Iusto impedit veritatis accusantium aliquam eaque omnis accusamus veniam. Nihil est dignissimos unde praesentium in dolores nulla beatae.', '2016-08-09 21:51:14');
INSERT INTO `messages` (`id`, `from_user_id`, `to_user_id`, `body`, `created_at`) VALUES ('60', '194', '194', 'Enim commodi hic harum expedita. Sunt molestias ipsam dolores. Aperiam exercitationem nihil eos suscipit. Magni adipisci saepe et expedita ea aut ipsum.', '2010-07-10 08:53:58');
INSERT INTO `messages` (`id`, `from_user_id`, `to_user_id`, `body`, `created_at`) VALUES ('61', '195', '195', 'Molestiae nam dolorum nulla eos aut ad. Cupiditate quasi expedita veniam modi est qui. Asperiores eum veritatis cupiditate tempora autem impedit quae. Facilis dignissimos aut commodi sint.', '1977-11-24 01:39:55');
INSERT INTO `messages` (`id`, `from_user_id`, `to_user_id`, `body`, `created_at`) VALUES ('62', '196', '196', 'Qui inventore voluptatem aspernatur nisi. Ea ratione dignissimos est rerum. Necessitatibus eos ex et eius. Quam sed enim aliquam mollitia est. Laboriosam earum corrupti aut.', '2015-05-28 04:09:05');
INSERT INTO `messages` (`id`, `from_user_id`, `to_user_id`, `body`, `created_at`) VALUES ('63', '197', '197', 'Praesentium ducimus voluptas sed molestiae. Eos labore unde veniam quas sapiente voluptatum qui. Quis sint non nisi voluptate est aut. Ad fugiat eum voluptas laborum sit quia necessitatibus.', '2001-09-30 20:58:42');
INSERT INTO `messages` (`id`, `from_user_id`, `to_user_id`, `body`, `created_at`) VALUES ('64', '200', '200', 'Facilis praesentium aut fugit. Sint nobis sapiente doloremque odio ea temporibus aut dolores. Facere labore culpa eius minus ipsam.', '1982-05-18 22:14:16');
INSERT INTO `messages` (`id`, `from_user_id`, `to_user_id`, `body`, `created_at`) VALUES ('65', '101', '101', 'Consequuntur et ipsam dolorem quia facere et. Rerum excepturi consequatur repellat. Possimus ut qui aut numquam dignissimos.', '2008-07-18 06:41:54');
INSERT INTO `messages` (`id`, `from_user_id`, `to_user_id`, `body`, `created_at`) VALUES ('66', '103', '103', 'Ut omnis nostrum qui sit delectus. Minus qui sint quae recusandae aspernatur beatae autem. Dolorum dolorem et hic quo minus iusto. Sunt optio ullam illo occaecati corrupti et.', '1973-02-25 23:33:58');
INSERT INTO `messages` (`id`, `from_user_id`, `to_user_id`, `body`, `created_at`) VALUES ('67', '104', '104', 'Debitis odit atque deserunt sed molestias fugiat officiis. Dolor adipisci possimus enim assumenda. Ullam ut quia incidunt officia. Fugit sed cum porro blanditiis laudantium libero.', '1984-06-26 03:05:02');
INSERT INTO `messages` (`id`, `from_user_id`, `to_user_id`, `body`, `created_at`) VALUES ('68', '105', '105', 'Dolorum fuga quisquam doloremque exercitationem corporis voluptatem. Maxime voluptas neque qui sapiente consectetur quae unde. Accusamus quae delectus minima veritatis vitae fuga perferendis nesciunt. Porro cupiditate minus assumenda consequatur ullam esse.', '2000-02-19 10:00:38');
INSERT INTO `messages` (`id`, `from_user_id`, `to_user_id`, `body`, `created_at`) VALUES ('69', '106', '106', 'Et qui dolor adipisci qui temporibus et. Consectetur a et perspiciatis qui sequi. Rerum dicta assumenda consequuntur corporis est hic aut.', '1995-04-10 01:08:29');
INSERT INTO `messages` (`id`, `from_user_id`, `to_user_id`, `body`, `created_at`) VALUES ('70', '107', '107', 'Quia autem repellendus accusantium laudantium eius dolores aut. Quasi officiis est dignissimos repudiandae necessitatibus voluptatem accusamus. Quia nisi impedit corporis et est fugiat et.', '1990-09-09 15:17:41');
INSERT INTO `messages` (`id`, `from_user_id`, `to_user_id`, `body`, `created_at`) VALUES ('71', '108', '108', 'Debitis et magnam non consequatur. Sed sit a corporis veritatis et.', '1998-07-04 03:22:00');
INSERT INTO `messages` (`id`, `from_user_id`, `to_user_id`, `body`, `created_at`) VALUES ('72', '109', '109', 'Aut nisi voluptates modi quo. Suscipit saepe sed autem perferendis reiciendis mollitia porro quis. Similique commodi enim distinctio pariatur corrupti rerum. Libero sit adipisci vel sit voluptatum id soluta rerum.', '1995-05-19 09:04:33');
INSERT INTO `messages` (`id`, `from_user_id`, `to_user_id`, `body`, `created_at`) VALUES ('73', '112', '112', 'Est molestiae nihil id voluptatem repudiandae. Ad impedit est aut in voluptatibus et. Delectus ut reprehenderit quae et quia cumque nihil et. Quisquam provident tenetur sapiente reiciendis.', '1998-01-23 14:58:27');
INSERT INTO `messages` (`id`, `from_user_id`, `to_user_id`, `body`, `created_at`) VALUES ('74', '113', '113', 'Beatae soluta occaecati atque sunt consequuntur quia et. Commodi blanditiis recusandae est in voluptatibus consequatur expedita. Voluptatem dolor aliquid enim possimus sed aliquid animi.', '1998-03-13 01:18:26');
INSERT INTO `messages` (`id`, `from_user_id`, `to_user_id`, `body`, `created_at`) VALUES ('75', '114', '114', 'Similique et quas nihil ut quaerat. Natus voluptas unde asperiores repudiandae nostrum et incidunt. Est velit quis quisquam.', '2020-06-25 10:09:49');
INSERT INTO `messages` (`id`, `from_user_id`, `to_user_id`, `body`, `created_at`) VALUES ('76', '117', '117', 'Nesciunt nihil est molestias et totam. Voluptas vel voluptatem aut atque velit. Rem voluptates occaecati voluptates enim officiis et unde similique. Ut ea voluptas excepturi voluptas rerum illum ut.', '1973-11-18 18:12:32');
INSERT INTO `messages` (`id`, `from_user_id`, `to_user_id`, `body`, `created_at`) VALUES ('77', '118', '118', 'Quo unde quam debitis quia. Et cum sunt sint ullam quia ut et. Velit fuga explicabo consequatur molestiae.', '1989-06-25 08:16:56');
INSERT INTO `messages` (`id`, `from_user_id`, `to_user_id`, `body`, `created_at`) VALUES ('78', '119', '119', 'Consequatur ut mollitia sed maxime libero. Mollitia aut esse a nulla. Aut est et ipsam reiciendis vel quis ipsum quia.', '1978-05-17 06:45:42');
INSERT INTO `messages` (`id`, `from_user_id`, `to_user_id`, `body`, `created_at`) VALUES ('79', '120', '120', 'Enim repellendus qui rerum explicabo enim. Eos et aliquam nam nam consequuntur. Consequatur dolores atque quia quod.', '2016-09-21 20:07:56');
INSERT INTO `messages` (`id`, `from_user_id`, `to_user_id`, `body`, `created_at`) VALUES ('80', '121', '121', 'Ratione autem a aliquid dolorem amet qui reiciendis. Iusto et non velit eveniet.', '1981-03-10 23:57:30');
INSERT INTO `messages` (`id`, `from_user_id`, `to_user_id`, `body`, `created_at`) VALUES ('81', '122', '122', 'Laudantium illum vitae laboriosam. Explicabo quae temporibus et fugit. Quod placeat quia et quam. Optio aspernatur est placeat omnis facere.', '2006-03-26 11:42:53');
INSERT INTO `messages` (`id`, `from_user_id`, `to_user_id`, `body`, `created_at`) VALUES ('82', '125', '125', 'Aperiam quo aut illum dicta eveniet assumenda. Cumque consectetur similique iste excepturi molestiae praesentium. Deleniti aut quaerat et rerum et. Quo sint minima accusamus enim recusandae.', '2017-04-08 05:36:46');
INSERT INTO `messages` (`id`, `from_user_id`, `to_user_id`, `body`, `created_at`) VALUES ('83', '126', '126', 'Voluptatem vel nihil hic vero delectus et est. Ea libero quis nihil quam sit est veniam. Voluptas dolor ut reprehenderit vel vel reprehenderit impedit minus. Perferendis repudiandae debitis expedita occaecati.', '2002-10-06 11:31:16');
INSERT INTO `messages` (`id`, `from_user_id`, `to_user_id`, `body`, `created_at`) VALUES ('84', '127', '127', 'Et voluptatibus nisi iste illo cumque temporibus deleniti. Laudantium non ipsum et rem. Reprehenderit sunt est eum facere. Quam impedit iure sed et deserunt numquam sit.', '2005-06-04 19:45:14');
INSERT INTO `messages` (`id`, `from_user_id`, `to_user_id`, `body`, `created_at`) VALUES ('85', '129', '129', 'Autem placeat vel quibusdam quis animi dignissimos. Et in animi quibusdam fugit. Maxime culpa error exercitationem praesentium eos dolorem architecto.', '1990-09-10 12:59:46');
INSERT INTO `messages` (`id`, `from_user_id`, `to_user_id`, `body`, `created_at`) VALUES ('86', '130', '130', 'Aut qui dolorem vel iure. Ex perspiciatis accusantium quod non rerum architecto. Labore harum maxime nisi unde sequi. Molestias occaecati ut vitae omnis.', '1984-10-09 19:23:48');
INSERT INTO `messages` (`id`, `from_user_id`, `to_user_id`, `body`, `created_at`) VALUES ('87', '133', '133', 'Molestiae qui explicabo maiores quo est et ut molestias. Quia omnis eius voluptatem incidunt quod nostrum. Animi sit laboriosam eos eius.', '1979-12-28 05:05:09');
INSERT INTO `messages` (`id`, `from_user_id`, `to_user_id`, `body`, `created_at`) VALUES ('88', '134', '134', 'Eius quo dolores corporis neque vero. Doloribus assumenda atque dolor omnis inventore animi nostrum. Sit voluptas architecto est et amet. Consequuntur alias sit aliquam iure assumenda.', '2011-12-02 22:09:21');
INSERT INTO `messages` (`id`, `from_user_id`, `to_user_id`, `body`, `created_at`) VALUES ('89', '136', '136', 'Dolores modi aut laudantium deserunt reiciendis architecto. Inventore dolorem ab sint possimus similique. Assumenda quasi asperiores neque aperiam pariatur ex. Ex saepe rerum consequatur.', '1991-09-01 04:40:21');
INSERT INTO `messages` (`id`, `from_user_id`, `to_user_id`, `body`, `created_at`) VALUES ('90', '138', '138', 'Eos est earum quibusdam alias sit magnam. Et dolore eum expedita a. Ut et vero architecto optio porro quis sunt. Sint aut fuga corrupti amet rem.', '1985-07-17 20:14:46');
INSERT INTO `messages` (`id`, `from_user_id`, `to_user_id`, `body`, `created_at`) VALUES ('91', '139', '139', 'Id sit velit commodi illum placeat ratione. Tempore temporibus rerum explicabo. Commodi non nam ea et. Odio blanditiis aut necessitatibus sit ea quia doloribus.', '2000-11-03 20:23:15');
INSERT INTO `messages` (`id`, `from_user_id`, `to_user_id`, `body`, `created_at`) VALUES ('92', '140', '140', 'Enim et et ea hic eligendi nihil fuga. Architecto labore necessitatibus nulla molestiae vero ab sunt id.', '1974-10-13 10:21:59');
INSERT INTO `messages` (`id`, `from_user_id`, `to_user_id`, `body`, `created_at`) VALUES ('93', '143', '143', 'Aut voluptas error porro consectetur. Praesentium ab sequi architecto. Id tempora suscipit modi eos amet.', '2015-09-22 10:59:55');
INSERT INTO `messages` (`id`, `from_user_id`, `to_user_id`, `body`, `created_at`) VALUES ('94', '144', '144', 'Voluptatibus et esse et quo quibusdam similique iste tempore. Natus ea eum quis. Ipsum minus est sunt quo quis odit. Officiis et enim iste.', '2011-11-25 08:05:53');
INSERT INTO `messages` (`id`, `from_user_id`, `to_user_id`, `body`, `created_at`) VALUES ('95', '145', '145', 'Numquam iusto error quia impedit sint quo. Numquam possimus autem ipsum debitis tenetur nulla. Nam et dolore perferendis in officia nihil eum cum.', '1972-11-11 09:44:30');
INSERT INTO `messages` (`id`, `from_user_id`, `to_user_id`, `body`, `created_at`) VALUES ('96', '146', '146', 'Ut ullam quo enim modi earum nesciunt fugiat. Ratione aperiam inventore molestiae et quo numquam distinctio.', '1993-05-27 04:54:43');
INSERT INTO `messages` (`id`, `from_user_id`, `to_user_id`, `body`, `created_at`) VALUES ('97', '147', '147', 'Voluptate ducimus voluptatem ut aliquid hic incidunt. Labore eaque voluptas nemo quod quam sequi cupiditate. Non perspiciatis non modi vero commodi adipisci molestiae. In sapiente aliquid consequatur et facere. Sequi dolorem porro id molestiae accusamus eum et.', '2014-12-04 07:06:52');
INSERT INTO `messages` (`id`, `from_user_id`, `to_user_id`, `body`, `created_at`) VALUES ('98', '148', '148', 'In harum est aut nihil delectus voluptatem voluptatum. Magnam ratione id reprehenderit eveniet fuga adipisci. Voluptatibus qui beatae natus accusamus modi suscipit ipsam temporibus. Nisi dolore et harum reprehenderit et et.', '2018-03-28 08:44:42');
INSERT INTO `messages` (`id`, `from_user_id`, `to_user_id`, `body`, `created_at`) VALUES ('99', '151', '151', 'Optio exercitationem enim possimus deleniti. Necessitatibus excepturi fuga nesciunt qui architecto reiciendis. Unde est fugiat possimus.', '1979-04-25 07:08:07');
INSERT INTO `messages` (`id`, `from_user_id`, `to_user_id`, `body`, `created_at`) VALUES ('100', '152', '152', 'Numquam in quia quis consequatur. Fuga veritatis consequuntur illum ut saepe odit. Praesentium ratione dicta voluptate eos qui et. Iure omnis ut voluptas excepturi consequatur. Quibusdam eum omnis quia expedita.', '2012-11-24 13:16:21');

INSERT INTO `friend_requests` (`initiator_user_id`, `target_user_id`, `status`, `requested_at`, `updated_at`) VALUES ('101', '101', 'unfriended', '2004-05-31 07:18:42', '1985-08-13 19:14:55');
INSERT INTO `friend_requests` (`initiator_user_id`, `target_user_id`, `status`, `requested_at`, `updated_at`) VALUES ('103', '103', 'declined', '1982-11-16 18:15:17', '1985-07-19 03:21:36');
INSERT INTO `friend_requests` (`initiator_user_id`, `target_user_id`, `status`, `requested_at`, `updated_at`) VALUES ('104', '104', 'approved', '1975-10-10 07:45:04', '2000-11-04 20:56:08');
INSERT INTO `friend_requests` (`initiator_user_id`, `target_user_id`, `status`, `requested_at`, `updated_at`) VALUES ('105', '105', 'requested', '2008-01-24 00:12:50', '1994-05-04 09:24:30');
INSERT INTO `friend_requests` (`initiator_user_id`, `target_user_id`, `status`, `requested_at`, `updated_at`) VALUES ('106', '106', 'requested', '1970-08-15 20:36:53', '1997-07-17 12:05:54');
INSERT INTO `friend_requests` (`initiator_user_id`, `target_user_id`, `status`, `requested_at`, `updated_at`) VALUES ('107', '107', 'unfriended', '1987-08-12 20:10:56', '1982-06-14 07:35:23');
INSERT INTO `friend_requests` (`initiator_user_id`, `target_user_id`, `status`, `requested_at`, `updated_at`) VALUES ('108', '108', 'unfriended', '1993-10-05 01:02:27', '2016-02-21 15:27:40');
INSERT INTO `friend_requests` (`initiator_user_id`, `target_user_id`, `status`, `requested_at`, `updated_at`) VALUES ('109', '109', 'declined', '1987-05-27 06:42:56', '1998-07-10 09:32:47');
INSERT INTO `friend_requests` (`initiator_user_id`, `target_user_id`, `status`, `requested_at`, `updated_at`) VALUES ('112', '112', 'declined', '1991-07-24 01:32:01', '1994-09-20 12:36:16');
INSERT INTO `friend_requests` (`initiator_user_id`, `target_user_id`, `status`, `requested_at`, `updated_at`) VALUES ('113', '113', 'requested', '2004-02-02 09:19:11', '1974-06-06 20:27:15');
INSERT INTO `friend_requests` (`initiator_user_id`, `target_user_id`, `status`, `requested_at`, `updated_at`) VALUES ('114', '114', 'approved', '2012-07-26 07:23:11', '1976-09-06 04:16:41');
INSERT INTO `friend_requests` (`initiator_user_id`, `target_user_id`, `status`, `requested_at`, `updated_at`) VALUES ('117', '117', 'requested', '2020-09-30 04:26:37', '2003-03-20 22:22:27');
INSERT INTO `friend_requests` (`initiator_user_id`, `target_user_id`, `status`, `requested_at`, `updated_at`) VALUES ('118', '118', 'approved', '1994-10-22 04:32:03', '2012-11-13 06:49:48');
INSERT INTO `friend_requests` (`initiator_user_id`, `target_user_id`, `status`, `requested_at`, `updated_at`) VALUES ('119', '119', 'unfriended', '2020-04-04 04:50:56', '1990-05-14 09:47:34');
INSERT INTO `friend_requests` (`initiator_user_id`, `target_user_id`, `status`, `requested_at`, `updated_at`) VALUES ('120', '120', 'unfriended', '1971-08-09 23:18:36', '2003-03-19 09:56:09');
INSERT INTO `friend_requests` (`initiator_user_id`, `target_user_id`, `status`, `requested_at`, `updated_at`) VALUES ('121', '121', 'approved', '1992-12-06 05:47:31', '1989-02-04 04:08:03');
INSERT INTO `friend_requests` (`initiator_user_id`, `target_user_id`, `status`, `requested_at`, `updated_at`) VALUES ('122', '122', 'unfriended', '2003-04-12 16:09:45', '1975-09-21 02:02:03');
INSERT INTO `friend_requests` (`initiator_user_id`, `target_user_id`, `status`, `requested_at`, `updated_at`) VALUES ('125', '125', 'approved', '1996-06-09 00:07:39', '2007-12-09 01:27:19');
INSERT INTO `friend_requests` (`initiator_user_id`, `target_user_id`, `status`, `requested_at`, `updated_at`) VALUES ('126', '126', 'approved', '2002-01-20 02:18:53', '2004-09-10 10:05:29');
INSERT INTO `friend_requests` (`initiator_user_id`, `target_user_id`, `status`, `requested_at`, `updated_at`) VALUES ('127', '127', 'unfriended', '2014-03-21 13:28:41', '2018-12-03 02:49:19');
INSERT INTO `friend_requests` (`initiator_user_id`, `target_user_id`, `status`, `requested_at`, `updated_at`) VALUES ('129', '129', 'requested', '1973-07-18 04:15:29', '2003-02-02 18:33:02');
INSERT INTO `friend_requests` (`initiator_user_id`, `target_user_id`, `status`, `requested_at`, `updated_at`) VALUES ('130', '130', 'requested', '1983-01-11 20:08:06', '2008-11-01 11:26:59');
INSERT INTO `friend_requests` (`initiator_user_id`, `target_user_id`, `status`, `requested_at`, `updated_at`) VALUES ('133', '133', 'declined', '1987-05-18 14:04:18', '2011-08-15 04:07:46');
INSERT INTO `friend_requests` (`initiator_user_id`, `target_user_id`, `status`, `requested_at`, `updated_at`) VALUES ('134', '134', 'requested', '1982-05-20 08:32:53', '2019-07-20 08:46:29');
INSERT INTO `friend_requests` (`initiator_user_id`, `target_user_id`, `status`, `requested_at`, `updated_at`) VALUES ('136', '136', 'requested', '2001-07-10 04:22:16', '1982-03-23 18:23:10');
INSERT INTO `friend_requests` (`initiator_user_id`, `target_user_id`, `status`, `requested_at`, `updated_at`) VALUES ('138', '138', 'unfriended', '2008-05-18 19:28:42', '1990-02-03 09:57:42');
INSERT INTO `friend_requests` (`initiator_user_id`, `target_user_id`, `status`, `requested_at`, `updated_at`) VALUES ('139', '139', 'requested', '2004-10-21 20:07:52', '2014-06-01 19:15:19');
INSERT INTO `friend_requests` (`initiator_user_id`, `target_user_id`, `status`, `requested_at`, `updated_at`) VALUES ('140', '140', 'declined', '2006-12-25 13:42:03', '1986-03-09 06:42:41');
INSERT INTO `friend_requests` (`initiator_user_id`, `target_user_id`, `status`, `requested_at`, `updated_at`) VALUES ('143', '143', 'unfriended', '1998-06-13 14:18:32', '2010-04-23 00:10:41');
INSERT INTO `friend_requests` (`initiator_user_id`, `target_user_id`, `status`, `requested_at`, `updated_at`) VALUES ('144', '144', 'declined', '1984-01-15 09:05:21', '1974-09-30 17:46:59');
INSERT INTO `friend_requests` (`initiator_user_id`, `target_user_id`, `status`, `requested_at`, `updated_at`) VALUES ('145', '145', 'unfriended', '1989-03-19 23:17:07', '2020-06-04 01:08:34');
INSERT INTO `friend_requests` (`initiator_user_id`, `target_user_id`, `status`, `requested_at`, `updated_at`) VALUES ('146', '146', 'declined', '1977-03-30 15:37:42', '1997-04-26 11:47:57');
INSERT INTO `friend_requests` (`initiator_user_id`, `target_user_id`, `status`, `requested_at`, `updated_at`) VALUES ('147', '147', 'declined', '2001-04-03 12:38:50', '1992-04-09 17:21:56');
INSERT INTO `friend_requests` (`initiator_user_id`, `target_user_id`, `status`, `requested_at`, `updated_at`) VALUES ('148', '148', 'declined', '1973-05-15 01:26:07', '1994-02-18 19:00:37');
INSERT INTO `friend_requests` (`initiator_user_id`, `target_user_id`, `status`, `requested_at`, `updated_at`) VALUES ('151', '151', 'requested', '1979-12-25 18:38:30', '1971-09-08 06:35:55');
INSERT INTO `friend_requests` (`initiator_user_id`, `target_user_id`, `status`, `requested_at`, `updated_at`) VALUES ('152', '152', 'approved', '1975-08-10 12:25:09', '2020-05-20 19:34:24');
INSERT INTO `friend_requests` (`initiator_user_id`, `target_user_id`, `status`, `requested_at`, `updated_at`) VALUES ('153', '153', 'approved', '2006-05-18 23:06:32', '1995-12-14 21:59:12');
INSERT INTO `friend_requests` (`initiator_user_id`, `target_user_id`, `status`, `requested_at`, `updated_at`) VALUES ('154', '154', 'approved', '2019-05-17 08:53:40', '1974-03-16 21:34:42');
INSERT INTO `friend_requests` (`initiator_user_id`, `target_user_id`, `status`, `requested_at`, `updated_at`) VALUES ('157', '157', 'approved', '1983-05-03 19:49:57', '2012-02-16 19:13:34');
INSERT INTO `friend_requests` (`initiator_user_id`, `target_user_id`, `status`, `requested_at`, `updated_at`) VALUES ('159', '159', 'requested', '1975-03-29 01:59:48', '2018-01-30 11:45:35');
INSERT INTO `friend_requests` (`initiator_user_id`, `target_user_id`, `status`, `requested_at`, `updated_at`) VALUES ('160', '160', 'unfriended', '2008-09-19 06:17:46', '1982-10-29 16:08:24');
INSERT INTO `friend_requests` (`initiator_user_id`, `target_user_id`, `status`, `requested_at`, `updated_at`) VALUES ('164', '164', 'approved', '1994-04-24 03:49:50', '1983-11-23 01:20:26');
INSERT INTO `friend_requests` (`initiator_user_id`, `target_user_id`, `status`, `requested_at`, `updated_at`) VALUES ('165', '165', 'unfriended', '1973-05-26 22:50:53', '1972-03-09 07:27:44');
INSERT INTO `friend_requests` (`initiator_user_id`, `target_user_id`, `status`, `requested_at`, `updated_at`) VALUES ('170', '170', 'requested', '1974-04-13 11:05:02', '1972-08-21 16:05:25');
INSERT INTO `friend_requests` (`initiator_user_id`, `target_user_id`, `status`, `requested_at`, `updated_at`) VALUES ('172', '172', 'declined', '1997-03-16 19:00:51', '1971-04-25 19:38:47');
INSERT INTO `friend_requests` (`initiator_user_id`, `target_user_id`, `status`, `requested_at`, `updated_at`) VALUES ('173', '173', 'unfriended', '2009-11-12 08:44:47', '1986-09-16 22:59:40');
INSERT INTO `friend_requests` (`initiator_user_id`, `target_user_id`, `status`, `requested_at`, `updated_at`) VALUES ('174', '174', 'unfriended', '2008-09-06 14:47:44', '1991-09-01 05:00:50');
INSERT INTO `friend_requests` (`initiator_user_id`, `target_user_id`, `status`, `requested_at`, `updated_at`) VALUES ('177', '177', 'declined', '2020-06-23 15:51:05', '1995-05-31 17:40:38');
INSERT INTO `friend_requests` (`initiator_user_id`, `target_user_id`, `status`, `requested_at`, `updated_at`) VALUES ('178', '178', 'unfriended', '1973-01-27 14:56:20', '2020-07-08 23:59:43');
INSERT INTO `friend_requests` (`initiator_user_id`, `target_user_id`, `status`, `requested_at`, `updated_at`) VALUES ('179', '179', 'approved', '2010-11-08 10:06:56', '2009-08-20 09:49:40');
INSERT INTO `friend_requests` (`initiator_user_id`, `target_user_id`, `status`, `requested_at`, `updated_at`) VALUES ('180', '180', 'requested', '1990-12-16 03:56:47', '1972-04-02 01:30:19');
INSERT INTO `friend_requests` (`initiator_user_id`, `target_user_id`, `status`, `requested_at`, `updated_at`) VALUES ('181', '181', 'declined', '2004-02-02 06:08:17', '1999-10-12 00:40:19');
INSERT INTO `friend_requests` (`initiator_user_id`, `target_user_id`, `status`, `requested_at`, `updated_at`) VALUES ('183', '183', 'approved', '2008-07-28 11:18:48', '2001-07-18 10:28:16');
INSERT INTO `friend_requests` (`initiator_user_id`, `target_user_id`, `status`, `requested_at`, `updated_at`) VALUES ('184', '184', 'unfriended', '1994-08-07 01:38:01', '1983-06-27 15:39:44');
INSERT INTO `friend_requests` (`initiator_user_id`, `target_user_id`, `status`, `requested_at`, `updated_at`) VALUES ('185', '185', 'requested', '1993-08-27 20:03:06', '1999-04-02 08:02:36');
INSERT INTO `friend_requests` (`initiator_user_id`, `target_user_id`, `status`, `requested_at`, `updated_at`) VALUES ('187', '187', 'unfriended', '1991-10-24 08:29:49', '2016-07-15 22:36:46');
INSERT INTO `friend_requests` (`initiator_user_id`, `target_user_id`, `status`, `requested_at`, `updated_at`) VALUES ('188', '188', 'unfriended', '1996-10-06 10:00:32', '1982-10-13 03:10:09');
INSERT INTO `friend_requests` (`initiator_user_id`, `target_user_id`, `status`, `requested_at`, `updated_at`) VALUES ('189', '189', 'unfriended', '1972-07-09 11:46:09', '2015-12-14 22:52:45');
INSERT INTO `friend_requests` (`initiator_user_id`, `target_user_id`, `status`, `requested_at`, `updated_at`) VALUES ('192', '192', 'unfriended', '1989-08-30 12:11:48', '1979-09-06 02:08:22');
INSERT INTO `friend_requests` (`initiator_user_id`, `target_user_id`, `status`, `requested_at`, `updated_at`) VALUES ('194', '194', 'unfriended', '2017-12-04 01:11:30', '2014-05-08 08:14:47');
INSERT INTO `friend_requests` (`initiator_user_id`, `target_user_id`, `status`, `requested_at`, `updated_at`) VALUES ('195', '195', 'approved', '1989-04-30 20:53:53', '1997-08-13 20:48:54');
INSERT INTO `friend_requests` (`initiator_user_id`, `target_user_id`, `status`, `requested_at`, `updated_at`) VALUES ('196', '196', 'approved', '2016-03-23 16:48:03', '1988-10-03 15:50:40');
INSERT INTO `friend_requests` (`initiator_user_id`, `target_user_id`, `status`, `requested_at`, `updated_at`) VALUES ('197', '197', 'unfriended', '1981-12-19 11:41:35', '1980-11-24 04:25:13');
INSERT INTO `friend_requests` (`initiator_user_id`, `target_user_id`, `status`, `requested_at`, `updated_at`) VALUES ('200', '200', 'approved', '1971-07-03 21:22:33', '2004-11-11 17:55:52');

INSERT INTO `communities` (`id`, `name`, `admin_user_id`) VALUES ('1', 'odit', '101');
INSERT INTO `communities` (`id`, `name`, `admin_user_id`) VALUES ('2', 'earum', '103');
INSERT INTO `communities` (`id`, `name`, `admin_user_id`) VALUES ('3', 'a', '104');
INSERT INTO `communities` (`id`, `name`, `admin_user_id`) VALUES ('4', 'quasi', '105');
INSERT INTO `communities` (`id`, `name`, `admin_user_id`) VALUES ('5', 'incidunt', '106');
INSERT INTO `communities` (`id`, `name`, `admin_user_id`) VALUES ('6', 'officiis', '107');
INSERT INTO `communities` (`id`, `name`, `admin_user_id`) VALUES ('7', 'et', '108');
INSERT INTO `communities` (`id`, `name`, `admin_user_id`) VALUES ('8', 'debitis', '109');
INSERT INTO `communities` (`id`, `name`, `admin_user_id`) VALUES ('9', 'dignissimos', '112');
INSERT INTO `communities` (`id`, `name`, `admin_user_id`) VALUES ('10', 'quaerat', '113');
INSERT INTO `communities` (`id`, `name`, `admin_user_id`) VALUES ('11', 'voluptatibus', '114');
INSERT INTO `communities` (`id`, `name`, `admin_user_id`) VALUES ('12', 'tempora', '117');
INSERT INTO `communities` (`id`, `name`, `admin_user_id`) VALUES ('13', 'officiis', '118');
INSERT INTO `communities` (`id`, `name`, `admin_user_id`) VALUES ('14', 'et', '119');
INSERT INTO `communities` (`id`, `name`, `admin_user_id`) VALUES ('15', 'illo', '120');
INSERT INTO `communities` (`id`, `name`, `admin_user_id`) VALUES ('16', 'eius', '121');
INSERT INTO `communities` (`id`, `name`, `admin_user_id`) VALUES ('17', 'ipsum', '122');
INSERT INTO `communities` (`id`, `name`, `admin_user_id`) VALUES ('18', 'dicta', '125');
INSERT INTO `communities` (`id`, `name`, `admin_user_id`) VALUES ('19', 'est', '126');
INSERT INTO `communities` (`id`, `name`, `admin_user_id`) VALUES ('20', 'laudantium', '127');
INSERT INTO `communities` (`id`, `name`, `admin_user_id`) VALUES ('21', 'qui', '129');
INSERT INTO `communities` (`id`, `name`, `admin_user_id`) VALUES ('22', 'deleniti', '130');
INSERT INTO `communities` (`id`, `name`, `admin_user_id`) VALUES ('23', 'accusantium', '133');
INSERT INTO `communities` (`id`, `name`, `admin_user_id`) VALUES ('24', 'repellat', '134');
INSERT INTO `communities` (`id`, `name`, `admin_user_id`) VALUES ('25', 'nostrum', '136');
INSERT INTO `communities` (`id`, `name`, `admin_user_id`) VALUES ('26', 'saepe', '138');
INSERT INTO `communities` (`id`, `name`, `admin_user_id`) VALUES ('27', 'in', '139');
INSERT INTO `communities` (`id`, `name`, `admin_user_id`) VALUES ('28', 'quia', '140');
INSERT INTO `communities` (`id`, `name`, `admin_user_id`) VALUES ('29', 'ullam', '143');
INSERT INTO `communities` (`id`, `name`, `admin_user_id`) VALUES ('30', 'quasi', '144');
INSERT INTO `communities` (`id`, `name`, `admin_user_id`) VALUES ('31', 'qui', '145');
INSERT INTO `communities` (`id`, `name`, `admin_user_id`) VALUES ('32', 'tempora', '146');
INSERT INTO `communities` (`id`, `name`, `admin_user_id`) VALUES ('33', 'corporis', '147');
INSERT INTO `communities` (`id`, `name`, `admin_user_id`) VALUES ('34', 'quia', '148');
INSERT INTO `communities` (`id`, `name`, `admin_user_id`) VALUES ('35', 'autem', '151');
INSERT INTO `communities` (`id`, `name`, `admin_user_id`) VALUES ('36', 'ipsa', '152');
INSERT INTO `communities` (`id`, `name`, `admin_user_id`) VALUES ('37', 'aut', '153');
INSERT INTO `communities` (`id`, `name`, `admin_user_id`) VALUES ('38', 'minima', '154');
INSERT INTO `communities` (`id`, `name`, `admin_user_id`) VALUES ('39', 'nisi', '157');
INSERT INTO `communities` (`id`, `name`, `admin_user_id`) VALUES ('40', 'ducimus', '159');
INSERT INTO `communities` (`id`, `name`, `admin_user_id`) VALUES ('41', 'accusantium', '160');
INSERT INTO `communities` (`id`, `name`, `admin_user_id`) VALUES ('42', 'recusandae', '164');
INSERT INTO `communities` (`id`, `name`, `admin_user_id`) VALUES ('43', 'laboriosam', '165');
INSERT INTO `communities` (`id`, `name`, `admin_user_id`) VALUES ('44', 'sit', '170');
INSERT INTO `communities` (`id`, `name`, `admin_user_id`) VALUES ('45', 'esse', '172');
INSERT INTO `communities` (`id`, `name`, `admin_user_id`) VALUES ('46', 'deserunt', '173');
INSERT INTO `communities` (`id`, `name`, `admin_user_id`) VALUES ('47', 'et', '174');
INSERT INTO `communities` (`id`, `name`, `admin_user_id`) VALUES ('48', 'eum', '177');
INSERT INTO `communities` (`id`, `name`, `admin_user_id`) VALUES ('49', 'hic', '178');
INSERT INTO `communities` (`id`, `name`, `admin_user_id`) VALUES ('50', 'dolore', '179');
INSERT INTO `communities` (`id`, `name`, `admin_user_id`) VALUES ('51', 'id', '180');
INSERT INTO `communities` (`id`, `name`, `admin_user_id`) VALUES ('52', 'aut', '181');
INSERT INTO `communities` (`id`, `name`, `admin_user_id`) VALUES ('53', 'maiores', '183');
INSERT INTO `communities` (`id`, `name`, `admin_user_id`) VALUES ('54', 'et', '184');
INSERT INTO `communities` (`id`, `name`, `admin_user_id`) VALUES ('55', 'eligendi', '185');
INSERT INTO `communities` (`id`, `name`, `admin_user_id`) VALUES ('56', 'rem', '187');
INSERT INTO `communities` (`id`, `name`, `admin_user_id`) VALUES ('57', 'necessitatibus', '188');
INSERT INTO `communities` (`id`, `name`, `admin_user_id`) VALUES ('58', 'animi', '189');
INSERT INTO `communities` (`id`, `name`, `admin_user_id`) VALUES ('59', 'accusamus', '192');
INSERT INTO `communities` (`id`, `name`, `admin_user_id`) VALUES ('60', 'iure', '194');
INSERT INTO `communities` (`id`, `name`, `admin_user_id`) VALUES ('61', 'incidunt', '195');
INSERT INTO `communities` (`id`, `name`, `admin_user_id`) VALUES ('62', 'qui', '196');
INSERT INTO `communities` (`id`, `name`, `admin_user_id`) VALUES ('63', 'enim', '197');
INSERT INTO `communities` (`id`, `name`, `admin_user_id`) VALUES ('64', 'quisquam', '200');
INSERT INTO `communities` (`id`, `name`, `admin_user_id`) VALUES ('65', 'labore', '101');
INSERT INTO `communities` (`id`, `name`, `admin_user_id`) VALUES ('66', 'saepe', '103');
INSERT INTO `communities` (`id`, `name`, `admin_user_id`) VALUES ('67', 'consequatur', '104');
INSERT INTO `communities` (`id`, `name`, `admin_user_id`) VALUES ('68', 'officiis', '105');
INSERT INTO `communities` (`id`, `name`, `admin_user_id`) VALUES ('69', 'consequatur', '106');
INSERT INTO `communities` (`id`, `name`, `admin_user_id`) VALUES ('70', 'dolores', '107');
INSERT INTO `communities` (`id`, `name`, `admin_user_id`) VALUES ('71', 'placeat', '108');
INSERT INTO `communities` (`id`, `name`, `admin_user_id`) VALUES ('72', 'voluptas', '109');
INSERT INTO `communities` (`id`, `name`, `admin_user_id`) VALUES ('73', 'placeat', '112');
INSERT INTO `communities` (`id`, `name`, `admin_user_id`) VALUES ('74', 'recusandae', '113');
INSERT INTO `communities` (`id`, `name`, `admin_user_id`) VALUES ('75', 'tempora', '114');
INSERT INTO `communities` (`id`, `name`, `admin_user_id`) VALUES ('76', 'non', '117');
INSERT INTO `communities` (`id`, `name`, `admin_user_id`) VALUES ('77', 'eos', '118');
INSERT INTO `communities` (`id`, `name`, `admin_user_id`) VALUES ('78', 'omnis', '119');
INSERT INTO `communities` (`id`, `name`, `admin_user_id`) VALUES ('79', 'quo', '120');
INSERT INTO `communities` (`id`, `name`, `admin_user_id`) VALUES ('80', 'magnam', '121');
INSERT INTO `communities` (`id`, `name`, `admin_user_id`) VALUES ('81', 'accusantium', '122');
INSERT INTO `communities` (`id`, `name`, `admin_user_id`) VALUES ('82', 'commodi', '125');
INSERT INTO `communities` (`id`, `name`, `admin_user_id`) VALUES ('83', 'molestiae', '126');
INSERT INTO `communities` (`id`, `name`, `admin_user_id`) VALUES ('84', 'dolores', '127');
INSERT INTO `communities` (`id`, `name`, `admin_user_id`) VALUES ('85', 'reprehenderit', '129');
INSERT INTO `communities` (`id`, `name`, `admin_user_id`) VALUES ('86', 'aliquid', '130');
INSERT INTO `communities` (`id`, `name`, `admin_user_id`) VALUES ('87', 'voluptas', '133');
INSERT INTO `communities` (`id`, `name`, `admin_user_id`) VALUES ('88', 'pariatur', '134');
INSERT INTO `communities` (`id`, `name`, `admin_user_id`) VALUES ('89', 'quisquam', '136');
INSERT INTO `communities` (`id`, `name`, `admin_user_id`) VALUES ('90', 'fuga', '138');
INSERT INTO `communities` (`id`, `name`, `admin_user_id`) VALUES ('91', 'minus', '139');
INSERT INTO `communities` (`id`, `name`, `admin_user_id`) VALUES ('92', 'voluptatum', '140');
INSERT INTO `communities` (`id`, `name`, `admin_user_id`) VALUES ('93', 'voluptas', '143');
INSERT INTO `communities` (`id`, `name`, `admin_user_id`) VALUES ('94', 'a', '144');
INSERT INTO `communities` (`id`, `name`, `admin_user_id`) VALUES ('95', 'occaecati', '145');
INSERT INTO `communities` (`id`, `name`, `admin_user_id`) VALUES ('96', 'fuga', '146');
INSERT INTO `communities` (`id`, `name`, `admin_user_id`) VALUES ('97', 'in', '147');
INSERT INTO `communities` (`id`, `name`, `admin_user_id`) VALUES ('98', 'voluptatem', '148');
INSERT INTO `communities` (`id`, `name`, `admin_user_id`) VALUES ('99', 'libero', '151');
INSERT INTO `communities` (`id`, `name`, `admin_user_id`) VALUES ('100', 'rerum', '152');

INSERT INTO `users_communities` (`user_id`, `community_id`) VALUES ('101', '1');
INSERT INTO `users_communities` (`user_id`, `community_id`) VALUES ('101', '65');
INSERT INTO `users_communities` (`user_id`, `community_id`) VALUES ('103', '2');
INSERT INTO `users_communities` (`user_id`, `community_id`) VALUES ('103', '66');
INSERT INTO `users_communities` (`user_id`, `community_id`) VALUES ('104', '3');
INSERT INTO `users_communities` (`user_id`, `community_id`) VALUES ('104', '67');
INSERT INTO `users_communities` (`user_id`, `community_id`) VALUES ('105', '4');
INSERT INTO `users_communities` (`user_id`, `community_id`) VALUES ('105', '68');
INSERT INTO `users_communities` (`user_id`, `community_id`) VALUES ('106', '5');
INSERT INTO `users_communities` (`user_id`, `community_id`) VALUES ('106', '69');
INSERT INTO `users_communities` (`user_id`, `community_id`) VALUES ('107', '6');
INSERT INTO `users_communities` (`user_id`, `community_id`) VALUES ('107', '70');
INSERT INTO `users_communities` (`user_id`, `community_id`) VALUES ('108', '7');
INSERT INTO `users_communities` (`user_id`, `community_id`) VALUES ('108', '71');
INSERT INTO `users_communities` (`user_id`, `community_id`) VALUES ('109', '8');
INSERT INTO `users_communities` (`user_id`, `community_id`) VALUES ('109', '72');
INSERT INTO `users_communities` (`user_id`, `community_id`) VALUES ('112', '9');
INSERT INTO `users_communities` (`user_id`, `community_id`) VALUES ('112', '73');
INSERT INTO `users_communities` (`user_id`, `community_id`) VALUES ('113', '10');
INSERT INTO `users_communities` (`user_id`, `community_id`) VALUES ('113', '74');
INSERT INTO `users_communities` (`user_id`, `community_id`) VALUES ('114', '11');
INSERT INTO `users_communities` (`user_id`, `community_id`) VALUES ('114', '75');
INSERT INTO `users_communities` (`user_id`, `community_id`) VALUES ('117', '12');
INSERT INTO `users_communities` (`user_id`, `community_id`) VALUES ('117', '76');
INSERT INTO `users_communities` (`user_id`, `community_id`) VALUES ('118', '13');
INSERT INTO `users_communities` (`user_id`, `community_id`) VALUES ('118', '77');
INSERT INTO `users_communities` (`user_id`, `community_id`) VALUES ('119', '14');
INSERT INTO `users_communities` (`user_id`, `community_id`) VALUES ('119', '78');
INSERT INTO `users_communities` (`user_id`, `community_id`) VALUES ('120', '15');
INSERT INTO `users_communities` (`user_id`, `community_id`) VALUES ('120', '79');
INSERT INTO `users_communities` (`user_id`, `community_id`) VALUES ('121', '16');
INSERT INTO `users_communities` (`user_id`, `community_id`) VALUES ('121', '80');
INSERT INTO `users_communities` (`user_id`, `community_id`) VALUES ('122', '17');
INSERT INTO `users_communities` (`user_id`, `community_id`) VALUES ('122', '81');
INSERT INTO `users_communities` (`user_id`, `community_id`) VALUES ('125', '18');
INSERT INTO `users_communities` (`user_id`, `community_id`) VALUES ('125', '82');
INSERT INTO `users_communities` (`user_id`, `community_id`) VALUES ('126', '19');
INSERT INTO `users_communities` (`user_id`, `community_id`) VALUES ('126', '83');
INSERT INTO `users_communities` (`user_id`, `community_id`) VALUES ('127', '20');
INSERT INTO `users_communities` (`user_id`, `community_id`) VALUES ('127', '84');
INSERT INTO `users_communities` (`user_id`, `community_id`) VALUES ('129', '21');
INSERT INTO `users_communities` (`user_id`, `community_id`) VALUES ('129', '85');
INSERT INTO `users_communities` (`user_id`, `community_id`) VALUES ('130', '22');
INSERT INTO `users_communities` (`user_id`, `community_id`) VALUES ('130', '86');
INSERT INTO `users_communities` (`user_id`, `community_id`) VALUES ('133', '23');
INSERT INTO `users_communities` (`user_id`, `community_id`) VALUES ('133', '87');
INSERT INTO `users_communities` (`user_id`, `community_id`) VALUES ('134', '24');
INSERT INTO `users_communities` (`user_id`, `community_id`) VALUES ('134', '88');
INSERT INTO `users_communities` (`user_id`, `community_id`) VALUES ('136', '25');
INSERT INTO `users_communities` (`user_id`, `community_id`) VALUES ('136', '89');
INSERT INTO `users_communities` (`user_id`, `community_id`) VALUES ('138', '26');
INSERT INTO `users_communities` (`user_id`, `community_id`) VALUES ('138', '90');
INSERT INTO `users_communities` (`user_id`, `community_id`) VALUES ('139', '27');
INSERT INTO `users_communities` (`user_id`, `community_id`) VALUES ('139', '91');
INSERT INTO `users_communities` (`user_id`, `community_id`) VALUES ('140', '28');
INSERT INTO `users_communities` (`user_id`, `community_id`) VALUES ('140', '92');
INSERT INTO `users_communities` (`user_id`, `community_id`) VALUES ('143', '29');
INSERT INTO `users_communities` (`user_id`, `community_id`) VALUES ('143', '93');
INSERT INTO `users_communities` (`user_id`, `community_id`) VALUES ('144', '30');
INSERT INTO `users_communities` (`user_id`, `community_id`) VALUES ('144', '94');
INSERT INTO `users_communities` (`user_id`, `community_id`) VALUES ('145', '31');
INSERT INTO `users_communities` (`user_id`, `community_id`) VALUES ('145', '95');
INSERT INTO `users_communities` (`user_id`, `community_id`) VALUES ('146', '32');
INSERT INTO `users_communities` (`user_id`, `community_id`) VALUES ('146', '96');
INSERT INTO `users_communities` (`user_id`, `community_id`) VALUES ('147', '33');
INSERT INTO `users_communities` (`user_id`, `community_id`) VALUES ('147', '97');
INSERT INTO `users_communities` (`user_id`, `community_id`) VALUES ('148', '34');
INSERT INTO `users_communities` (`user_id`, `community_id`) VALUES ('148', '98');
INSERT INTO `users_communities` (`user_id`, `community_id`) VALUES ('151', '35');
INSERT INTO `users_communities` (`user_id`, `community_id`) VALUES ('151', '99');
INSERT INTO `users_communities` (`user_id`, `community_id`) VALUES ('152', '36');
INSERT INTO `users_communities` (`user_id`, `community_id`) VALUES ('152', '100');
INSERT INTO `users_communities` (`user_id`, `community_id`) VALUES ('153', '37');
INSERT INTO `users_communities` (`user_id`, `community_id`) VALUES ('154', '38');
INSERT INTO `users_communities` (`user_id`, `community_id`) VALUES ('157', '39');
INSERT INTO `users_communities` (`user_id`, `community_id`) VALUES ('159', '40');
INSERT INTO `users_communities` (`user_id`, `community_id`) VALUES ('160', '41');
INSERT INTO `users_communities` (`user_id`, `community_id`) VALUES ('164', '42');
INSERT INTO `users_communities` (`user_id`, `community_id`) VALUES ('165', '43');
INSERT INTO `users_communities` (`user_id`, `community_id`) VALUES ('170', '44');
INSERT INTO `users_communities` (`user_id`, `community_id`) VALUES ('172', '45');
INSERT INTO `users_communities` (`user_id`, `community_id`) VALUES ('173', '46');
INSERT INTO `users_communities` (`user_id`, `community_id`) VALUES ('174', '47');
INSERT INTO `users_communities` (`user_id`, `community_id`) VALUES ('177', '48');
INSERT INTO `users_communities` (`user_id`, `community_id`) VALUES ('178', '49');
INSERT INTO `users_communities` (`user_id`, `community_id`) VALUES ('179', '50');
INSERT INTO `users_communities` (`user_id`, `community_id`) VALUES ('180', '51');
INSERT INTO `users_communities` (`user_id`, `community_id`) VALUES ('181', '52');
INSERT INTO `users_communities` (`user_id`, `community_id`) VALUES ('183', '53');
INSERT INTO `users_communities` (`user_id`, `community_id`) VALUES ('184', '54');
INSERT INTO `users_communities` (`user_id`, `community_id`) VALUES ('185', '55');
INSERT INTO `users_communities` (`user_id`, `community_id`) VALUES ('187', '56');
INSERT INTO `users_communities` (`user_id`, `community_id`) VALUES ('188', '57');
INSERT INTO `users_communities` (`user_id`, `community_id`) VALUES ('189', '58');
INSERT INTO `users_communities` (`user_id`, `community_id`) VALUES ('192', '59');
INSERT INTO `users_communities` (`user_id`, `community_id`) VALUES ('194', '60');
INSERT INTO `users_communities` (`user_id`, `community_id`) VALUES ('195', '61');
INSERT INTO `users_communities` (`user_id`, `community_id`) VALUES ('196', '62');
INSERT INTO `users_communities` (`user_id`, `community_id`) VALUES ('197', '63');
INSERT INTO `users_communities` (`user_id`, `community_id`) VALUES ('200', '64');


INSERT INTO `media` (`id`, `media_type_id`, `user_id`, `body`, `filename`, `size`, `metadata`, `created_at`, `updated_at`) VALUES ('1', '1', '101', 'Eius commodi velit tempora ipsam quidem exercitationem blanditiis. Unde non consectetur sit. Consequatur quidem aut eius saepe esse ullam.', 'saepe', 700342802, NULL, '2003-10-13 04:44:49', '1984-07-01 04:26:44');
INSERT INTO `media` (`id`, `media_type_id`, `user_id`, `body`, `filename`, `size`, `metadata`, `created_at`, `updated_at`) VALUES ('2', '2', '103', 'In voluptas qui ut vel porro. Debitis dolore sunt nostrum maiores. Similique rerum dolore est adipisci repellendus eveniet.', 'minus', 0, NULL, '1973-08-15 05:45:38', '2010-09-26 19:23:40');
INSERT INTO `media` (`id`, `media_type_id`, `user_id`, `body`, `filename`, `size`, `metadata`, `created_at`, `updated_at`) VALUES ('3', '3', '104', 'Nulla consequatur distinctio odit adipisci dolorum quod nemo. Mollitia illo aliquid alias cum debitis et.', 'eum', 339520989, NULL, '2002-01-23 21:11:01', '1988-06-22 23:40:36');
INSERT INTO `media` (`id`, `media_type_id`, `user_id`, `body`, `filename`, `size`, `metadata`, `created_at`, `updated_at`) VALUES ('4', '4', '105', 'Facere aperiam accusamus sed voluptatem sit necessitatibus accusantium sapiente. Eaque iste architecto neque aut ex. Velit numquam sint eos deleniti possimus sint. Non corporis perferendis voluptatem corporis.', 'eos', 526, NULL, '1981-02-09 13:15:40', '1996-07-28 14:12:14');
INSERT INTO `media` (`id`, `media_type_id`, `user_id`, `body`, `filename`, `size`, `metadata`, `created_at`, `updated_at`) VALUES ('5', '1', '106', 'Suscipit consequuntur rerum laborum fugiat nihil natus voluptas. Aut id et cum qui. Ab illo ab magni nesciunt. Voluptatum omnis voluptate possimus veniam laudantium iure quis expedita.', 'expedita', 7922782, NULL, '2012-07-19 19:19:45', '1998-04-29 17:33:37');
INSERT INTO `media` (`id`, `media_type_id`, `user_id`, `body`, `filename`, `size`, `metadata`, `created_at`, `updated_at`) VALUES ('6', '2', '107', 'Maxime totam vel unde voluptatum. Et odit impedit omnis. Earum dolorem fugiat est. Dolor provident quae doloremque suscipit nemo.', 'voluptas', 47, NULL, '1976-03-18 21:52:27', '1987-11-17 07:04:07');
INSERT INTO `media` (`id`, `media_type_id`, `user_id`, `body`, `filename`, `size`, `metadata`, `created_at`, `updated_at`) VALUES ('7', '3', '108', 'Soluta labore neque voluptatem maxime voluptatem voluptates quos asperiores. Voluptatem et natus incidunt accusantium eaque quia atque aliquam. Nemo atque maxime architecto minus voluptatum distinctio. Pariatur consectetur odit ducimus.', 'eum', 22, NULL, '2011-07-16 15:04:51', '1996-12-28 18:39:56');
INSERT INTO `media` (`id`, `media_type_id`, `user_id`, `body`, `filename`, `size`, `metadata`, `created_at`, `updated_at`) VALUES ('8', '4', '109', 'Facere vel corrupti culpa dolores suscipit eius veritatis. Earum laudantium eveniet aut ex aliquid. Hic soluta velit et officiis unde. Quidem culpa iure illum suscipit placeat delectus.', 'aspernatur', 0, NULL, '1998-10-14 00:32:30', '2012-07-28 08:06:34');
INSERT INTO `media` (`id`, `media_type_id`, `user_id`, `body`, `filename`, `size`, `metadata`, `created_at`, `updated_at`) VALUES ('9', '1', '112', 'Et excepturi mollitia ex et. Temporibus ducimus dolorum sit et. Ipsa dolores impedit soluta maxime omnis.', 'quaerat', 85933035, NULL, '1980-06-24 19:03:38', '1995-03-03 15:19:10');
INSERT INTO `media` (`id`, `media_type_id`, `user_id`, `body`, `filename`, `size`, `metadata`, `created_at`, `updated_at`) VALUES ('10', '2', '113', 'Reprehenderit deleniti sequi maxime quibusdam animi temporibus repellat. Magni et atque aut omnis sapiente. Consequatur et quae adipisci. Consequuntur doloremque provident ut id.', 'et', 786773, NULL, '1977-03-29 16:59:16', '1981-09-17 08:00:36');
INSERT INTO `media` (`id`, `media_type_id`, `user_id`, `body`, `filename`, `size`, `metadata`, `created_at`, `updated_at`) VALUES ('11', '3', '114', 'Repudiandae et aspernatur voluptas sed dolor. Harum enim quia ut. Omnis et voluptatem ducimus nemo tempora. Debitis nostrum eos voluptatibus ipsum.', 'non', 5874344, NULL, '1976-05-25 02:16:56', '1981-05-04 16:30:06');
INSERT INTO `media` (`id`, `media_type_id`, `user_id`, `body`, `filename`, `size`, `metadata`, `created_at`, `updated_at`) VALUES ('12', '4', '117', 'Excepturi sit et dolor rerum consequatur. Quia harum voluptas tempore excepturi optio. Aut consequatur quas et qui quaerat ut. Quia magnam et assumenda earum. Ipsum eaque odio quidem.', 'dolor', 4, NULL, '2012-04-08 07:00:59', '1999-05-21 05:33:43');
INSERT INTO `media` (`id`, `media_type_id`, `user_id`, `body`, `filename`, `size`, `metadata`, `created_at`, `updated_at`) VALUES ('13', '1', '118', 'Nesciunt eum aut sequi sit est dignissimos. Culpa minus facere at iste dolor similique rerum quo. Rerum id numquam ea iure earum et ut. Ad nemo voluptates et non labore et.', 'laborum', 96, NULL, '2015-05-26 23:17:24', '1984-07-29 01:32:08');
INSERT INTO `media` (`id`, `media_type_id`, `user_id`, `body`, `filename`, `size`, `metadata`, `created_at`, `updated_at`) VALUES ('14', '2', '119', 'Debitis explicabo deleniti et neque quos sit. In architecto quae et saepe. Veniam voluptas qui minus veniam totam. Et laboriosam aut aut alias quae dolor.', 'quia', 990620221, NULL, '1990-08-30 18:43:37', '2008-05-21 06:40:42');
INSERT INTO `media` (`id`, `media_type_id`, `user_id`, `body`, `filename`, `size`, `metadata`, `created_at`, `updated_at`) VALUES ('15', '3', '120', 'Neque sequi nostrum eos perferendis. Ullam explicabo possimus a. Impedit qui tempore aut asperiores labore perferendis et porro. Nam laudantium autem iste. Laboriosam deleniti saepe id omnis.', 'perferendis', 66035730, NULL, '2003-01-06 22:26:36', '1989-01-18 09:29:30');
INSERT INTO `media` (`id`, `media_type_id`, `user_id`, `body`, `filename`, `size`, `metadata`, `created_at`, `updated_at`) VALUES ('16', '4', '121', 'Quas ea quidem quaerat ea ut est autem. Optio quod beatae dolor. Quae consequuntur ut dicta sint. Occaecati sapiente aspernatur et ratione molestias et numquam.', 'veritatis', 91018732, NULL, '1975-11-19 15:55:04', '2013-12-17 03:40:35');
INSERT INTO `media` (`id`, `media_type_id`, `user_id`, `body`, `filename`, `size`, `metadata`, `created_at`, `updated_at`) VALUES ('17', '1', '122', 'Placeat vel porro quis sed sed. Debitis vero magni consequatur est quis beatae beatae est. Quisquam et voluptates facilis modi animi nesciunt corrupti.', 'voluptatem', 982136342, NULL, '1991-09-19 13:21:11', '1970-06-23 14:00:41');
INSERT INTO `media` (`id`, `media_type_id`, `user_id`, `body`, `filename`, `size`, `metadata`, `created_at`, `updated_at`) VALUES ('18', '2', '125', 'Architecto aperiam culpa aliquid quia eaque. Eligendi esse omnis esse ut quae. Rerum dolorem quos quo ut facilis tenetur minima. Adipisci veritatis et non animi et dignissimos. Eum ut sed et eaque.', 'quaerat', 23, NULL, '2019-10-13 11:15:13', '1993-06-12 12:29:48');
INSERT INTO `media` (`id`, `media_type_id`, `user_id`, `body`, `filename`, `size`, `metadata`, `created_at`, `updated_at`) VALUES ('19', '3', '126', 'Adipisci saepe voluptas alias nobis veniam officia illum. Maxime et aut natus cupiditate aut dolor voluptatem.', 'cupiditate', 315797, NULL, '1984-05-23 00:36:05', '2012-09-05 13:30:08');
INSERT INTO `media` (`id`, `media_type_id`, `user_id`, `body`, `filename`, `size`, `metadata`, `created_at`, `updated_at`) VALUES ('20', '4', '127', 'Est voluptatem ut praesentium dolores tempora. Repellendus quidem temporibus repellendus eos. Et est enim sint voluptatem fugiat quo.', 'voluptatem', 0, NULL, '1986-12-01 00:20:13', '2016-04-27 12:00:03');
INSERT INTO `media` (`id`, `media_type_id`, `user_id`, `body`, `filename`, `size`, `metadata`, `created_at`, `updated_at`) VALUES ('21', '1', '129', 'Excepturi voluptatem tempore porro ipsa. Dicta alias pariatur est quos. Provident aut vero ea qui quia. Aut dolores magnam et sed est.', 'maiores', 113777037, NULL, '2011-03-02 17:25:05', '1982-03-10 19:34:43');
INSERT INTO `media` (`id`, `media_type_id`, `user_id`, `body`, `filename`, `size`, `metadata`, `created_at`, `updated_at`) VALUES ('22', '2', '130', 'Placeat placeat velit porro omnis vitae consequatur. Modi provident fugit quo perferendis reiciendis repudiandae vero. Dignissimos nostrum numquam id ut asperiores repellendus dicta aut. Et quis illum delectus maiores nisi autem autem. Eligendi commodi consequatur explicabo ipsam explicabo.', 'eum', 59145437, NULL, '1976-08-08 21:21:23', '2002-02-21 10:44:25');
INSERT INTO `media` (`id`, `media_type_id`, `user_id`, `body`, `filename`, `size`, `metadata`, `created_at`, `updated_at`) VALUES ('23', '3', '133', 'Rerum explicabo voluptatem omnis. Error odit et occaecati et consectetur itaque. Quia perspiciatis nam dicta ut. Sunt quis nisi natus ut ullam aut ab.', 'qui', 1522, NULL, '2015-03-13 08:46:30', '1986-10-09 23:33:26');
INSERT INTO `media` (`id`, `media_type_id`, `user_id`, `body`, `filename`, `size`, `metadata`, `created_at`, `updated_at`) VALUES ('24', '4', '134', 'Ducimus dolores quo labore veritatis autem odio. Molestias eaque ipsum harum minima asperiores voluptas. Qui qui et accusamus et veritatis asperiores. Esse quidem quae natus magni nesciunt. Praesentium numquam aut dolor velit.', 'similique', 1529, NULL, '1970-03-17 20:38:02', '1992-09-14 22:40:55');
INSERT INTO `media` (`id`, `media_type_id`, `user_id`, `body`, `filename`, `size`, `metadata`, `created_at`, `updated_at`) VALUES ('25', '1', '136', 'Deserunt voluptatibus culpa quae. Quo sunt doloribus aliquid non. Dolor nesciunt aut repellendus adipisci. Repellendus esse fugit aspernatur suscipit neque harum.', 'quisquam', 3, NULL, '1975-06-17 08:39:07', '1975-10-04 23:37:31');
INSERT INTO `media` (`id`, `media_type_id`, `user_id`, `body`, `filename`, `size`, `metadata`, `created_at`, `updated_at`) VALUES ('26', '2', '138', 'Architecto accusantium earum accusantium nulla minus. Dolorum ex earum ut totam dignissimos ea fugit animi. Rerum enim quo error porro hic nesciunt itaque necessitatibus. Harum voluptates sit sed error.', 'et', 7902937, NULL, '1972-05-21 17:27:01', '1975-12-24 20:50:48');
INSERT INTO `media` (`id`, `media_type_id`, `user_id`, `body`, `filename`, `size`, `metadata`, `created_at`, `updated_at`) VALUES ('27', '3', '139', 'Blanditiis eligendi voluptate et eveniet asperiores pariatur dolorum. Atque rerum eos neque similique molestiae sint consequatur. Cumque error rerum velit dolor quas vel eveniet distinctio.', 'laboriosam', 950684, NULL, '1983-12-12 14:07:41', '1971-02-16 23:17:05');
INSERT INTO `media` (`id`, `media_type_id`, `user_id`, `body`, `filename`, `size`, `metadata`, `created_at`, `updated_at`) VALUES ('28', '4', '140', 'Soluta ut vel voluptas ipsam. Dignissimos ab a possimus sapiente. Nostrum asperiores nobis reiciendis eveniet error. Doloribus maxime minima expedita aut.', 'quod', 2, NULL, '2010-03-06 09:43:15', '1987-12-31 19:43:07');
INSERT INTO `media` (`id`, `media_type_id`, `user_id`, `body`, `filename`, `size`, `metadata`, `created_at`, `updated_at`) VALUES ('29', '1', '143', 'Et rerum fuga nostrum voluptas tempora animi maiores accusantium. Nihil facere occaecati et alias quia facere aperiam. Facilis odit quia voluptatibus repellat tenetur nesciunt. Sint facilis doloremque molestias quia a unde architecto.', 'dolor', 5847, NULL, '1972-03-24 21:44:21', '1986-12-18 09:28:38');
INSERT INTO `media` (`id`, `media_type_id`, `user_id`, `body`, `filename`, `size`, `metadata`, `created_at`, `updated_at`) VALUES ('30', '2', '144', 'Asperiores odit qui magnam ut culpa aut at. Dignissimos eius officia tempore. Est nisi omnis minima explicabo placeat.', 'aut', 712, NULL, '2008-10-07 15:03:56', '1970-03-20 15:27:46');
INSERT INTO `media` (`id`, `media_type_id`, `user_id`, `body`, `filename`, `size`, `metadata`, `created_at`, `updated_at`) VALUES ('31', '3', '145', 'Fugit odio voluptates distinctio. Ea nisi eligendi magni repellat illum in. Quidem at et ratione nihil illum. Vel perferendis vitae et quo ratione dignissimos voluptas hic.', 'exercitationem', 47987, NULL, '2018-10-03 01:29:45', '1987-12-04 17:02:37');
INSERT INTO `media` (`id`, `media_type_id`, `user_id`, `body`, `filename`, `size`, `metadata`, `created_at`, `updated_at`) VALUES ('32', '4', '146', 'Nemo molestiae dolore neque nobis corrupti. Assumenda qui in quam repellendus at cumque. Totam sed a sed unde.', 'commodi', 68479507, NULL, '1978-04-14 17:37:12', '1972-01-28 16:00:05');
INSERT INTO `media` (`id`, `media_type_id`, `user_id`, `body`, `filename`, `size`, `metadata`, `created_at`, `updated_at`) VALUES ('33', '1', '147', 'Consequuntur iste iste at. Quo tenetur saepe voluptates dolor commodi corporis a. Dolores dolore consequatur ut.', 'qui', 246320, NULL, '1972-08-25 20:16:20', '2020-01-04 13:47:16');
INSERT INTO `media` (`id`, `media_type_id`, `user_id`, `body`, `filename`, `size`, `metadata`, `created_at`, `updated_at`) VALUES ('34', '2', '148', 'Quis debitis error illo impedit laboriosam qui dolorem et. Ut nulla consectetur vel voluptate adipisci molestiae magnam. Aut aut a nihil optio natus et nobis. Ducimus aliquid consequatur est blanditiis ipsam.', 'qui', 13467, NULL, '1997-11-04 09:49:09', '1980-07-18 00:22:44');
INSERT INTO `media` (`id`, `media_type_id`, `user_id`, `body`, `filename`, `size`, `metadata`, `created_at`, `updated_at`) VALUES ('35', '3', '151', 'Dignissimos distinctio est adipisci sit id aliquid. Atque eos aut aut velit placeat quae similique error. Qui est exercitationem repellendus necessitatibus hic quas omnis autem. Cumque quis accusantium laudantium cum eos. Repudiandae amet ut quo iusto.', 'dolorum', 26236, NULL, '2002-01-17 20:26:04', '1980-11-04 03:52:54');
INSERT INTO `media` (`id`, `media_type_id`, `user_id`, `body`, `filename`, `size`, `metadata`, `created_at`, `updated_at`) VALUES ('36', '4', '152', 'Excepturi deserunt voluptas voluptas voluptate repudiandae quos eveniet. Et quisquam ea corrupti similique et animi. Delectus aut nesciunt illo et deleniti. Ut accusamus eos sit.', 'doloribus', 832815, NULL, '1988-01-23 15:58:43', '2001-06-13 12:47:15');
INSERT INTO `media` (`id`, `media_type_id`, `user_id`, `body`, `filename`, `size`, `metadata`, `created_at`, `updated_at`) VALUES ('37', '1', '153', 'Ducimus ut eius et placeat qui aliquam. Corporis voluptas possimus in ullam dolorem. Explicabo placeat qui rerum.', 'temporibus', 36997651, NULL, '1975-04-25 01:30:35', '1970-05-30 00:18:48');
INSERT INTO `media` (`id`, `media_type_id`, `user_id`, `body`, `filename`, `size`, `metadata`, `created_at`, `updated_at`) VALUES ('38', '2', '154', 'Quisquam dicta at maxime. Qui ipsa fugiat fugit non dolor perspiciatis libero consequatur. Impedit atque fugit reprehenderit perferendis. Quidem aperiam quia eveniet et temporibus.', 'est', 3144801, NULL, '1974-10-05 01:41:21', '2020-12-31 05:51:31');
INSERT INTO `media` (`id`, `media_type_id`, `user_id`, `body`, `filename`, `size`, `metadata`, `created_at`, `updated_at`) VALUES ('39', '3', '157', 'Ipsam deleniti itaque reprehenderit est aut reprehenderit ut. Explicabo nostrum quis eum dolore. Ducimus adipisci et voluptas iste. Vitae laboriosam quidem et distinctio et excepturi. Ut ea iusto cumque culpa inventore itaque repellendus sint.', 'qui', 37476864, NULL, '1980-09-20 12:19:18', '1984-08-23 23:59:08');
INSERT INTO `media` (`id`, `media_type_id`, `user_id`, `body`, `filename`, `size`, `metadata`, `created_at`, `updated_at`) VALUES ('40', '4', '159', 'Est voluptatem autem fugiat in impedit. Quam voluptates nihil laborum autem cupiditate qui. Iste est ea ipsam. Necessitatibus perferendis quia autem voluptatem aut. Nulla qui consequatur et qui.', 'est', 246, NULL, '1988-10-03 11:16:39', '2013-09-29 14:26:45');
INSERT INTO `media` (`id`, `media_type_id`, `user_id`, `body`, `filename`, `size`, `metadata`, `created_at`, `updated_at`) VALUES ('41', '1', '160', 'Rerum expedita ut et ut. Commodi sit nulla quos architecto et dicta. Libero perspiciatis ipsa ut illum non nam. Esse adipisci similique voluptates perspiciatis omnis consectetur laudantium mollitia.', 'aut', 29419256, NULL, '1970-06-22 00:58:42', '1972-12-16 15:55:22');
INSERT INTO `media` (`id`, `media_type_id`, `user_id`, `body`, `filename`, `size`, `metadata`, `created_at`, `updated_at`) VALUES ('42', '2', '164', 'Nam voluptas aut ipsa. Cupiditate blanditiis et minima deleniti. Velit asperiores harum dolor.', 'perspiciatis', 891, NULL, '1985-11-15 10:25:39', '2012-01-16 01:02:56');
INSERT INTO `media` (`id`, `media_type_id`, `user_id`, `body`, `filename`, `size`, `metadata`, `created_at`, `updated_at`) VALUES ('43', '3', '165', 'Impedit explicabo labore quaerat voluptate similique. Consectetur voluptatem assumenda deleniti eaque. Impedit debitis ea ut molestiae. Consequatur consequatur vel repudiandae tenetur laborum.', 'quia', 4300, NULL, '1998-01-19 02:34:31', '1980-12-04 21:56:08');
INSERT INTO `media` (`id`, `media_type_id`, `user_id`, `body`, `filename`, `size`, `metadata`, `created_at`, `updated_at`) VALUES ('44', '4', '170', 'Commodi ea perferendis est exercitationem. Ut ducimus rerum quos illo aliquid qui officia.', 'est', 100, NULL, '2011-05-23 03:22:43', '2010-04-13 15:00:02');
INSERT INTO `media` (`id`, `media_type_id`, `user_id`, `body`, `filename`, `size`, `metadata`, `created_at`, `updated_at`) VALUES ('45', '1', '172', 'Qui omnis vel saepe et dolor. Et magnam omnis fugit nulla dolorem et. Quaerat delectus quia dolorem ipsa possimus rem.', 'quasi', 62217513, NULL, '1979-10-03 00:43:39', '2013-11-14 15:25:21');
INSERT INTO `media` (`id`, `media_type_id`, `user_id`, `body`, `filename`, `size`, `metadata`, `created_at`, `updated_at`) VALUES ('46', '2', '173', 'Eaque quam et quam rerum. Et numquam dolorum numquam accusantium et delectus architecto. Id dolores aliquam nemo cupiditate earum deleniti ut. Minima enim numquam nihil odio quod.', 'iure', 452128, NULL, '2017-03-04 09:07:03', '2020-09-24 23:03:21');
INSERT INTO `media` (`id`, `media_type_id`, `user_id`, `body`, `filename`, `size`, `metadata`, `created_at`, `updated_at`) VALUES ('47', '3', '174', 'Non illum tempore quia reiciendis et. Eos quia quia quia optio tenetur autem. Sunt fuga sit placeat aut earum necessitatibus dolorum. Reprehenderit repellat asperiores fugit quos quos voluptas.', 'et', 70693396, NULL, '1989-03-29 21:34:31', '1983-02-04 05:37:54');
INSERT INTO `media` (`id`, `media_type_id`, `user_id`, `body`, `filename`, `size`, `metadata`, `created_at`, `updated_at`) VALUES ('48', '4', '177', 'Et quasi officiis velit laboriosam recusandae nesciunt ut. Quasi cum facere iste rerum quo dolorem rerum enim. Aut quo est necessitatibus facere eos. Eligendi laboriosam enim accusantium impedit.', 'aliquid', 0, NULL, '2011-12-27 21:42:48', '1996-09-26 17:56:14');
INSERT INTO `media` (`id`, `media_type_id`, `user_id`, `body`, `filename`, `size`, `metadata`, `created_at`, `updated_at`) VALUES ('49', '1', '178', 'In eos numquam reiciendis sit sunt autem. Molestias aut libero est impedit voluptate quibusdam.', 'labore', 0, NULL, '1976-05-25 01:37:31', '1998-12-12 21:45:27');
INSERT INTO `media` (`id`, `media_type_id`, `user_id`, `body`, `filename`, `size`, `metadata`, `created_at`, `updated_at`) VALUES ('50', '2', '179', 'Libero perspiciatis dolorem omnis voluptatibus ut eveniet consequatur. Rerum dolores omnis quia temporibus deserunt maiores et officiis. Vel amet assumenda nihil reprehenderit expedita. Aut ut sunt tempora est quod aliquam.', 'suscipit', 88, NULL, '1988-07-10 20:03:03', '1988-03-28 08:45:50');
INSERT INTO `media` (`id`, `media_type_id`, `user_id`, `body`, `filename`, `size`, `metadata`, `created_at`, `updated_at`) VALUES ('51', '3', '180', 'Voluptate beatae qui eos iusto illum consectetur. Itaque distinctio labore sit est quaerat. Qui ut porro sit non. Id id dolorem sint provident praesentium autem quis quibusdam. Possimus voluptatem et debitis est impedit ut.', 'possimus', 524917379, NULL, '1997-05-29 15:11:01', '1991-01-10 08:05:19');
INSERT INTO `media` (`id`, `media_type_id`, `user_id`, `body`, `filename`, `size`, `metadata`, `created_at`, `updated_at`) VALUES ('52', '4', '181', 'Voluptatem impedit vel qui consequatur quisquam commodi ea ipsam. Et aut distinctio aperiam cum at delectus. Esse ut facilis aut amet ut dolore.', 'provident', 935, NULL, '1970-02-07 09:46:47', '1993-01-21 20:41:51');
INSERT INTO `media` (`id`, `media_type_id`, `user_id`, `body`, `filename`, `size`, `metadata`, `created_at`, `updated_at`) VALUES ('53', '1', '183', 'Et saepe animi placeat blanditiis qui. Vel ab sint error ducimus omnis qui.', 'sequi', 975600733, NULL, '1996-04-30 02:03:30', '2001-01-07 09:57:34');
INSERT INTO `media` (`id`, `media_type_id`, `user_id`, `body`, `filename`, `size`, `metadata`, `created_at`, `updated_at`) VALUES ('54', '2', '184', 'Voluptas est quia vel quibusdam. Voluptas corrupti debitis eligendi iure. Delectus perferendis et dolorem suscipit id illum omnis iusto. Non architecto in sint id aspernatur sed qui.', 'eum', 8, NULL, '1984-01-24 09:23:59', '1991-01-17 17:36:02');
INSERT INTO `media` (`id`, `media_type_id`, `user_id`, `body`, `filename`, `size`, `metadata`, `created_at`, `updated_at`) VALUES ('55', '3', '185', 'Similique necessitatibus mollitia quos quas ut. Ab ad placeat cupiditate. Rerum veritatis qui doloremque voluptatem impedit id.', 'autem', 715950, NULL, '1974-04-22 02:45:15', '1973-02-07 12:21:12');
INSERT INTO `media` (`id`, `media_type_id`, `user_id`, `body`, `filename`, `size`, `metadata`, `created_at`, `updated_at`) VALUES ('56', '4', '187', 'Unde voluptatum ea voluptate aliquam nemo reiciendis. Tempore aut inventore doloremque qui quos provident rem. Repellendus eum voluptatum nobis excepturi. Et ullam ut dolorem dolorem qui.', 'est', 0, NULL, '2013-12-12 13:48:10', '2017-02-26 16:12:49');
INSERT INTO `media` (`id`, `media_type_id`, `user_id`, `body`, `filename`, `size`, `metadata`, `created_at`, `updated_at`) VALUES ('57', '1', '188', 'Illo et ullam dolorem. Dignissimos molestiae alias deserunt impedit sint consequatur nesciunt. Eos ea quaerat consequuntur ipsum.', 'assumenda', 787, NULL, '2012-05-15 10:35:16', '2007-03-29 03:47:17');
INSERT INTO `media` (`id`, `media_type_id`, `user_id`, `body`, `filename`, `size`, `metadata`, `created_at`, `updated_at`) VALUES ('58', '2', '189', 'Voluptatibus ut consequatur rerum saepe architecto aut modi. A labore aspernatur ratione aliquam qui veniam commodi nihil. Praesentium et temporibus ut. Consequatur doloremque aut eaque unde. Consectetur eaque magnam ut odio eos impedit assumenda.', 'omnis', 5999731, NULL, '1984-10-16 15:11:39', '2018-03-22 09:22:07');
INSERT INTO `media` (`id`, `media_type_id`, `user_id`, `body`, `filename`, `size`, `metadata`, `created_at`, `updated_at`) VALUES ('59', '3', '192', 'Laboriosam sed est voluptas impedit. Itaque optio est ad ut qui vel repellat. Ut odio est sed ducimus. Possimus adipisci sint quae ducimus.', 'et', 8, NULL, '1986-03-23 20:46:07', '1989-12-06 05:25:43');
INSERT INTO `media` (`id`, `media_type_id`, `user_id`, `body`, `filename`, `size`, `metadata`, `created_at`, `updated_at`) VALUES ('60', '4', '194', 'Id optio deleniti maiores cupiditate consequuntur rem. Impedit dolores facere dicta repudiandae aut odit porro. Voluptate et et rerum.', 'voluptatem', 550549, NULL, '2006-03-22 07:14:50', '2015-05-07 02:38:09');
INSERT INTO `media` (`id`, `media_type_id`, `user_id`, `body`, `filename`, `size`, `metadata`, `created_at`, `updated_at`) VALUES ('61', '1', '195', 'Molestiae repudiandae atque beatae dolor dolor. Ab qui sed quisquam vel omnis harum praesentium iure. Blanditiis et earum earum iste quis enim laborum sit. Pariatur aut culpa facere nisi eaque assumenda ab illo.', 'maxime', 3446875, NULL, '1985-12-19 17:24:20', '1976-12-27 23:29:28');
INSERT INTO `media` (`id`, `media_type_id`, `user_id`, `body`, `filename`, `size`, `metadata`, `created_at`, `updated_at`) VALUES ('62', '2', '196', 'Cupiditate minima rem et unde nihil. Voluptas est quas minus quam. Quis eos suscipit voluptates quo sit omnis in. Pariatur quis rerum id nesciunt. Non est aperiam aperiam qui error.', 'ipsum', 680306, NULL, '2017-04-06 06:02:05', '1970-01-02 15:52:25');
INSERT INTO `media` (`id`, `media_type_id`, `user_id`, `body`, `filename`, `size`, `metadata`, `created_at`, `updated_at`) VALUES ('63', '3', '197', 'Vitae in consequuntur dolorem ut quis veniam voluptas a. Ut ipsam enim molestias voluptas fuga. In non fugit ipsa ducimus praesentium architecto. Modi molestiae voluptatem quidem.', 'ex', 838305, NULL, '1989-08-09 01:44:06', '2011-07-14 16:28:05');
INSERT INTO `media` (`id`, `media_type_id`, `user_id`, `body`, `filename`, `size`, `metadata`, `created_at`, `updated_at`) VALUES ('64', '4', '200', 'Sit molestiae ducimus et quos. Qui recusandae nulla pariatur eius voluptas consequatur saepe voluptatem. Excepturi reprehenderit quo illo eveniet eligendi dolor fuga. Unde perferendis adipisci velit adipisci illo similique autem.', 'natus', 59, NULL, '1985-07-10 19:41:31', '1998-08-29 20:47:15');
INSERT INTO `media` (`id`, `media_type_id`, `user_id`, `body`, `filename`, `size`, `metadata`, `created_at`, `updated_at`) VALUES ('65', '1', '101', 'Amet ea reiciendis dolores distinctio molestias pariatur molestiae. Et soluta ducimus consequuntur praesentium ut nam. Aut laborum quaerat beatae dolore.', 'adipisci', 997580, NULL, '1980-08-06 12:52:53', '2005-02-16 01:40:36');
INSERT INTO `media` (`id`, `media_type_id`, `user_id`, `body`, `filename`, `size`, `metadata`, `created_at`, `updated_at`) VALUES ('66', '2', '103', 'Eligendi facilis qui enim est exercitationem. Maiores placeat corrupti possimus totam numquam. Sed eligendi et nihil voluptatem. Qui quia id voluptatem earum ab perferendis iure.', 'ut', 16, NULL, '2007-10-02 11:12:28', '2013-03-26 03:31:05');
INSERT INTO `media` (`id`, `media_type_id`, `user_id`, `body`, `filename`, `size`, `metadata`, `created_at`, `updated_at`) VALUES ('67', '3', '104', 'Nulla nam nobis molestiae blanditiis reiciendis. Totam similique quo quo et impedit ducimus voluptatem. Natus exercitationem labore sequi.', 'omnis', 96771, NULL, '1978-10-27 17:57:19', '1970-01-25 05:57:44');
INSERT INTO `media` (`id`, `media_type_id`, `user_id`, `body`, `filename`, `size`, `metadata`, `created_at`, `updated_at`) VALUES ('68', '4', '105', 'Et non ipsum numquam vero in sed deserunt. Sit itaque consequuntur quia. Et excepturi omnis placeat qui iure maxime in. Eligendi aut molestias enim est voluptas sit repudiandae.', 'temporibus', 3, NULL, '2003-11-30 02:17:40', '1985-02-15 08:38:16');
INSERT INTO `media` (`id`, `media_type_id`, `user_id`, `body`, `filename`, `size`, `metadata`, `created_at`, `updated_at`) VALUES ('69', '1', '106', 'Odit vero perferendis deleniti quo. Omnis non deserunt ipsum culpa quo amet.', 'veniam', 18, NULL, '1990-06-21 07:49:52', '1981-09-14 09:42:36');
INSERT INTO `media` (`id`, `media_type_id`, `user_id`, `body`, `filename`, `size`, `metadata`, `created_at`, `updated_at`) VALUES ('70', '2', '107', 'Odio dolor adipisci fuga blanditiis. Eum quos quasi eum aliquid atque corrupti illo. Sint odio optio deleniti molestiae sequi illo ipsam. Officia dolorem nihil rerum alias. Incidunt facilis voluptatibus minima blanditiis eligendi.', 'quia', 34849, NULL, '1998-04-09 23:53:00', '1994-11-29 15:14:33');
INSERT INTO `media` (`id`, `media_type_id`, `user_id`, `body`, `filename`, `size`, `metadata`, `created_at`, `updated_at`) VALUES ('71', '3', '108', 'Enim molestiae illo omnis autem quae eum. Maxime expedita animi culpa eum incidunt et fuga. Non voluptatem at quo voluptatibus recusandae at.', 'qui', 3, NULL, '1987-04-04 04:00:09', '1985-09-23 16:08:56');
INSERT INTO `media` (`id`, `media_type_id`, `user_id`, `body`, `filename`, `size`, `metadata`, `created_at`, `updated_at`) VALUES ('72', '4', '109', 'Nihil quasi nesciunt sint fuga quam fuga. Consequatur blanditiis autem voluptas a. Dolores aspernatur molestiae voluptatem id ad reprehenderit. Qui adipisci qui minus eveniet deleniti et.', 'quidem', 86268, NULL, '2010-06-27 18:44:52', '1997-09-30 06:00:20');
INSERT INTO `media` (`id`, `media_type_id`, `user_id`, `body`, `filename`, `size`, `metadata`, `created_at`, `updated_at`) VALUES ('73', '1', '112', 'Ipsa laudantium odio ex sed minus omnis qui. Rem voluptatem ad neque repudiandae maiores. Quasi et et impedit sunt reiciendis qui corporis.', 'quo', 981, NULL, '1994-10-25 13:34:54', '1980-05-13 23:46:42');
INSERT INTO `media` (`id`, `media_type_id`, `user_id`, `body`, `filename`, `size`, `metadata`, `created_at`, `updated_at`) VALUES ('74', '2', '113', 'Ut asperiores quia officiis velit unde fuga labore. Enim nemo saepe est distinctio et.', 'pariatur', 661929, NULL, '2004-01-09 05:15:45', '1991-03-14 01:06:52');
INSERT INTO `media` (`id`, `media_type_id`, `user_id`, `body`, `filename`, `size`, `metadata`, `created_at`, `updated_at`) VALUES ('75', '3', '114', 'Iusto ea quod ipsam aliquid ipsa molestiae id. Deleniti blanditiis ea accusantium possimus et. Deleniti accusamus deleniti voluptate necessitatibus laboriosam in voluptatum id.', 'perspiciatis', 516976, NULL, '1980-10-28 03:32:45', '2007-10-02 04:17:20');
INSERT INTO `media` (`id`, `media_type_id`, `user_id`, `body`, `filename`, `size`, `metadata`, `created_at`, `updated_at`) VALUES ('76', '4', '117', 'Similique facere rerum dolorem aut. Magnam quo voluptatibus quos. Corrupti enim voluptatum debitis doloremque quia in. Eveniet excepturi id qui saepe quia voluptatem voluptatem.', 'illum', 27257, NULL, '2007-06-28 06:23:08', '1972-04-17 06:25:41');
INSERT INTO `media` (`id`, `media_type_id`, `user_id`, `body`, `filename`, `size`, `metadata`, `created_at`, `updated_at`) VALUES ('77', '1', '118', 'Cum quo porro qui. Quam omnis distinctio rerum. Quis occaecati veritatis in aut nemo.', 'deserunt', 0, NULL, '1975-08-02 02:53:31', '1986-02-12 21:42:28');
INSERT INTO `media` (`id`, `media_type_id`, `user_id`, `body`, `filename`, `size`, `metadata`, `created_at`, `updated_at`) VALUES ('78', '2', '119', 'Aperiam laboriosam totam id. Delectus alias eum aspernatur laboriosam est. Et architecto quod sint tempora. Maxime suscipit possimus ut debitis dolores qui cum.', 'occaecati', 13763735, NULL, '1978-05-08 15:50:51', '2011-03-08 06:22:10');
INSERT INTO `media` (`id`, `media_type_id`, `user_id`, `body`, `filename`, `size`, `metadata`, `created_at`, `updated_at`) VALUES ('79', '3', '120', 'Quam similique repellendus iste molestiae architecto. Quo sit est quia voluptas et. Ipsum tempora qui nihil aut recusandae iste. Error non dolor non. Et ut occaecati aliquid qui omnis consequatur quis aut.', 'consequatur', 59, NULL, '1977-05-09 22:03:01', '1979-12-16 13:18:31');
INSERT INTO `media` (`id`, `media_type_id`, `user_id`, `body`, `filename`, `size`, `metadata`, `created_at`, `updated_at`) VALUES ('80', '4', '121', 'A repellendus est quibusdam vel. Omnis aliquid commodi dolores alias voluptatem autem ut veniam. Harum commodi minima hic aut itaque molestiae.', 'distinctio', 97883, NULL, '1986-01-01 10:43:47', '2015-06-10 07:56:36');
INSERT INTO `media` (`id`, `media_type_id`, `user_id`, `body`, `filename`, `size`, `metadata`, `created_at`, `updated_at`) VALUES ('81', '1', '122', 'Velit doloremque et eveniet dolores et. Eaque eos voluptatem molestias et. Labore et est aut velit.', 'nulla', 93225523, NULL, '1993-12-25 06:24:34', '1988-07-23 04:03:12');
INSERT INTO `media` (`id`, `media_type_id`, `user_id`, `body`, `filename`, `size`, `metadata`, `created_at`, `updated_at`) VALUES ('82', '2', '125', 'Dicta optio rem quia quasi qui voluptas. Est harum natus quo ullam. Vitae et rem est doloribus omnis voluptate voluptatem.', 'a', 1077, NULL, '2017-05-23 09:29:55', '1979-05-30 03:07:43');
INSERT INTO `media` (`id`, `media_type_id`, `user_id`, `body`, `filename`, `size`, `metadata`, `created_at`, `updated_at`) VALUES ('83', '3', '126', 'Quia quod molestias est consequatur quos quam. Dignissimos consectetur ut iure omnis voluptas. Voluptas quisquam aut repellendus numquam enim.', 'aut', 0, NULL, '1999-01-03 03:05:34', '1980-11-28 02:31:32');
INSERT INTO `media` (`id`, `media_type_id`, `user_id`, `body`, `filename`, `size`, `metadata`, `created_at`, `updated_at`) VALUES ('84', '4', '127', 'Natus eius perferendis ea consequatur facilis. Facilis ut quasi maiores corrupti qui perspiciatis praesentium. Velit quasi et dolor fugiat sint architecto.', 'illo', 3213, NULL, '2012-02-12 14:10:24', '1996-08-31 10:06:43');
INSERT INTO `media` (`id`, `media_type_id`, `user_id`, `body`, `filename`, `size`, `metadata`, `created_at`, `updated_at`) VALUES ('85', '1', '129', 'Sed et laborum autem facere natus. Sint nobis porro sit veritatis qui numquam. Et doloribus laudantium quae beatae. Est recusandae aut quos.', 'ea', 7, NULL, '1992-06-22 04:24:29', '1994-02-04 12:53:58');
INSERT INTO `media` (`id`, `media_type_id`, `user_id`, `body`, `filename`, `size`, `metadata`, `created_at`, `updated_at`) VALUES ('86', '2', '130', 'Et consequatur aut aut perferendis consequatur est minima. Impedit vitae temporibus consequuntur animi ea laboriosam. Quo porro tempore rerum eos voluptatem. Ex rerum repellat quod quia a unde iusto qui.', 'maiores', 878, NULL, '1999-02-08 04:33:57', '1983-10-27 01:20:43');
INSERT INTO `media` (`id`, `media_type_id`, `user_id`, `body`, `filename`, `size`, `metadata`, `created_at`, `updated_at`) VALUES ('87', '3', '133', 'Nihil totam dolorum fuga molestiae vitae rem. Autem voluptatem dolorum dolore quaerat est. Quia et expedita placeat quam ab quis. Sed at iusto non dolores excepturi.', 'nisi', 123839, NULL, '2010-01-22 15:08:34', '1985-02-01 21:33:24');
INSERT INTO `media` (`id`, `media_type_id`, `user_id`, `body`, `filename`, `size`, `metadata`, `created_at`, `updated_at`) VALUES ('88', '4', '134', 'Voluptas at dolorum vel ut nam sit. Illum aspernatur error ut nulla dolorum sequi qui odit. Est accusamus omnis id sunt nobis harum. Explicabo alias quis est ipsum.', 'necessitatibus', 0, NULL, '1983-07-21 22:56:31', '1991-01-11 17:19:36');
INSERT INTO `media` (`id`, `media_type_id`, `user_id`, `body`, `filename`, `size`, `metadata`, `created_at`, `updated_at`) VALUES ('89', '1', '136', 'Laboriosam alias eum repudiandae ipsum temporibus est dolorem. Voluptatem eveniet quaerat blanditiis numquam dignissimos corrupti. Iure dolorem autem voluptate veniam ut dolor ipsam.', 'molestiae', 4711160, NULL, '1988-08-18 07:26:29', '1975-06-02 07:58:00');
INSERT INTO `media` (`id`, `media_type_id`, `user_id`, `body`, `filename`, `size`, `metadata`, `created_at`, `updated_at`) VALUES ('90', '2', '138', 'Omnis consectetur atque autem ut quisquam vel. Perspiciatis deleniti perferendis accusamus soluta et quis vero. Quia nihil soluta velit iste quia eum quisquam. Eligendi magni et et itaque tempora. Impedit accusamus qui veniam sit ut natus esse.', 'tempore', 8030, NULL, '1977-02-04 04:49:42', '2003-07-07 04:42:11');
INSERT INTO `media` (`id`, `media_type_id`, `user_id`, `body`, `filename`, `size`, `metadata`, `created_at`, `updated_at`) VALUES ('91', '3', '139', 'Cupiditate quia occaecati doloremque quo. Dolore sunt velit sed dolor. Omnis iure nesciunt pariatur a sint unde. Illum minima et consequuntur ipsum excepturi et officia.', 'labore', 842, NULL, '2021-08-24 03:39:16', '1997-11-24 00:36:27');
INSERT INTO `media` (`id`, `media_type_id`, `user_id`, `body`, `filename`, `size`, `metadata`, `created_at`, `updated_at`) VALUES ('92', '4', '140', 'Consequatur qui dignissimos et quo minima. Dolorum fugiat aliquam rerum aut est. Quo voluptatum sint reiciendis et facere vel aut.', 'quo', 40609, NULL, '1989-11-23 00:56:54', '1976-04-01 06:12:59');
INSERT INTO `media` (`id`, `media_type_id`, `user_id`, `body`, `filename`, `size`, `metadata`, `created_at`, `updated_at`) VALUES ('93', '1', '143', 'Fugiat eaque eius inventore. Magni provident et perferendis enim voluptas. Qui laudantium reiciendis dolorem laudantium corrupti omnis rerum. Iste debitis et molestiae in.', 'quibusdam', 643613717, NULL, '2014-03-14 12:32:14', '1976-08-21 15:43:17');
INSERT INTO `media` (`id`, `media_type_id`, `user_id`, `body`, `filename`, `size`, `metadata`, `created_at`, `updated_at`) VALUES ('94', '2', '144', 'Ipsam itaque adipisci et est. Recusandae dolor rerum possimus voluptas nostrum. Recusandae voluptatem illo qui dolores.', 'saepe', 5213861, NULL, '1976-05-18 12:11:41', '1977-04-15 11:02:35');
INSERT INTO `media` (`id`, `media_type_id`, `user_id`, `body`, `filename`, `size`, `metadata`, `created_at`, `updated_at`) VALUES ('95', '3', '145', 'Sit vero dicta dolor doloremque voluptatem et. Temporibus excepturi cumque a et. Dolorem in expedita nulla laboriosam iusto a quam. Error et eum eligendi est ipsa voluptatem deleniti illum.', 'tempore', 2065129, NULL, '1975-04-17 12:49:45', '1999-06-09 18:42:08');
INSERT INTO `media` (`id`, `media_type_id`, `user_id`, `body`, `filename`, `size`, `metadata`, `created_at`, `updated_at`) VALUES ('96', '4', '146', 'Nihil minima quaerat nostrum dolorem. Provident exercitationem eligendi reprehenderit iste vitae tempore ab ad. Temporibus omnis nihil quibusdam ab officiis. Architecto occaecati doloremque deleniti non ea libero dolores.', 'aut', 9, NULL, '2008-01-06 13:55:14', '1986-12-09 12:17:01');
INSERT INTO `media` (`id`, `media_type_id`, `user_id`, `body`, `filename`, `size`, `metadata`, `created_at`, `updated_at`) VALUES ('97', '1', '147', 'Deleniti sint perferendis voluptatem. Ut possimus suscipit similique.', 'unde', 1296, NULL, '2007-06-12 00:34:48', '1998-03-20 22:06:46');
INSERT INTO `media` (`id`, `media_type_id`, `user_id`, `body`, `filename`, `size`, `metadata`, `created_at`, `updated_at`) VALUES ('98', '2', '148', 'Laboriosam harum minima non doloribus dolore. Vitae iusto aspernatur neque illum. Ut quis nulla illo est fugiat illum. Sapiente facilis est error quas et autem.', 'dolore', 617242, NULL, '1987-10-04 19:13:53', '1993-01-23 11:36:25');
INSERT INTO `media` (`id`, `media_type_id`, `user_id`, `body`, `filename`, `size`, `metadata`, `created_at`, `updated_at`) VALUES ('99', '3', '151', 'Ducimus eum doloremque sunt et enim commodi voluptatibus. Ducimus consequatur possimus minus eligendi ea quia excepturi soluta. Culpa cum quidem harum repudiandae voluptatem est non.', 'reiciendis', 66661, NULL, '2014-11-18 15:28:34', '1985-12-11 22:11:58');
INSERT INTO `media` (`id`, `media_type_id`, `user_id`, `body`, `filename`, `size`, `metadata`, `created_at`, `updated_at`) VALUES ('100', '4', '152', 'Soluta amet cum incidunt saepe sit dolor. Necessitatibus eveniet voluptas asperiores veritatis omnis sed. Est et sapiente illum magnam.', 'qui', 71534, NULL, '1981-02-22 01:34:01', '1978-01-26 10:07:32');


INSERT INTO `likes` (`id`, `user_id`, `media_id`, `created_at`) VALUES ('1', '101', '1', '2020-11-03 00:39:54');
INSERT INTO `likes` (`id`, `user_id`, `media_id`, `created_at`) VALUES ('2', '103', '2', '2000-03-26 17:05:17');
INSERT INTO `likes` (`id`, `user_id`, `media_id`, `created_at`) VALUES ('3', '104', '3', '1981-09-22 14:37:01');
INSERT INTO `likes` (`id`, `user_id`, `media_id`, `created_at`) VALUES ('4', '105', '4', '1983-08-15 20:57:29');
INSERT INTO `likes` (`id`, `user_id`, `media_id`, `created_at`) VALUES ('5', '106', '5', '2010-02-21 00:45:34');
INSERT INTO `likes` (`id`, `user_id`, `media_id`, `created_at`) VALUES ('6', '107', '6', '1971-04-01 04:43:01');
INSERT INTO `likes` (`id`, `user_id`, `media_id`, `created_at`) VALUES ('7', '108', '7', '2000-05-04 10:34:16');
INSERT INTO `likes` (`id`, `user_id`, `media_id`, `created_at`) VALUES ('8', '109', '8', '2018-11-14 05:50:42');
INSERT INTO `likes` (`id`, `user_id`, `media_id`, `created_at`) VALUES ('9', '112', '9', '2006-07-07 12:12:56');
INSERT INTO `likes` (`id`, `user_id`, `media_id`, `created_at`) VALUES ('10', '113', '10', '2005-10-01 13:31:30');
INSERT INTO `likes` (`id`, `user_id`, `media_id`, `created_at`) VALUES ('11', '114', '11', '1972-12-07 11:43:51');
INSERT INTO `likes` (`id`, `user_id`, `media_id`, `created_at`) VALUES ('12', '117', '12', '1998-04-10 09:18:01');
INSERT INTO `likes` (`id`, `user_id`, `media_id`, `created_at`) VALUES ('13', '118', '13', '1993-09-06 14:09:19');
INSERT INTO `likes` (`id`, `user_id`, `media_id`, `created_at`) VALUES ('14', '119', '14', '1978-04-16 03:43:11');
INSERT INTO `likes` (`id`, `user_id`, `media_id`, `created_at`) VALUES ('15', '120', '15', '1993-02-26 16:54:36');
INSERT INTO `likes` (`id`, `user_id`, `media_id`, `created_at`) VALUES ('16', '121', '16', '1970-03-14 18:40:18');
INSERT INTO `likes` (`id`, `user_id`, `media_id`, `created_at`) VALUES ('17', '122', '17', '2013-09-24 07:09:32');
INSERT INTO `likes` (`id`, `user_id`, `media_id`, `created_at`) VALUES ('18', '125', '18', '2018-06-27 21:59:44');
INSERT INTO `likes` (`id`, `user_id`, `media_id`, `created_at`) VALUES ('19', '126', '19', '2006-08-11 04:04:42');
INSERT INTO `likes` (`id`, `user_id`, `media_id`, `created_at`) VALUES ('20', '127', '20', '1971-01-10 07:42:15');
INSERT INTO `likes` (`id`, `user_id`, `media_id`, `created_at`) VALUES ('21', '129', '21', '2017-11-26 22:58:49');
INSERT INTO `likes` (`id`, `user_id`, `media_id`, `created_at`) VALUES ('22', '130', '22', '1998-09-15 21:55:23');
INSERT INTO `likes` (`id`, `user_id`, `media_id`, `created_at`) VALUES ('23', '133', '23', '1993-03-10 14:56:22');
INSERT INTO `likes` (`id`, `user_id`, `media_id`, `created_at`) VALUES ('24', '134', '24', '1982-07-31 14:58:37');
INSERT INTO `likes` (`id`, `user_id`, `media_id`, `created_at`) VALUES ('25', '136', '25', '1971-06-19 03:56:26');
INSERT INTO `likes` (`id`, `user_id`, `media_id`, `created_at`) VALUES ('26', '138', '26', '1977-12-01 04:32:00');
INSERT INTO `likes` (`id`, `user_id`, `media_id`, `created_at`) VALUES ('27', '139', '27', '1988-11-10 10:57:24');
INSERT INTO `likes` (`id`, `user_id`, `media_id`, `created_at`) VALUES ('28', '140', '28', '1997-11-11 16:53:31');
INSERT INTO `likes` (`id`, `user_id`, `media_id`, `created_at`) VALUES ('29', '143', '29', '1978-11-03 06:56:23');
INSERT INTO `likes` (`id`, `user_id`, `media_id`, `created_at`) VALUES ('30', '144', '30', '1978-11-24 01:39:10');
INSERT INTO `likes` (`id`, `user_id`, `media_id`, `created_at`) VALUES ('31', '145', '31', '1975-01-25 19:28:49');
INSERT INTO `likes` (`id`, `user_id`, `media_id`, `created_at`) VALUES ('32', '146', '32', '2004-05-24 09:34:13');
INSERT INTO `likes` (`id`, `user_id`, `media_id`, `created_at`) VALUES ('33', '147', '33', '2005-04-19 01:20:54');
INSERT INTO `likes` (`id`, `user_id`, `media_id`, `created_at`) VALUES ('34', '148', '34', '1976-08-24 05:17:36');
INSERT INTO `likes` (`id`, `user_id`, `media_id`, `created_at`) VALUES ('35', '151', '35', '2021-06-19 09:14:01');
INSERT INTO `likes` (`id`, `user_id`, `media_id`, `created_at`) VALUES ('36', '152', '36', '2007-10-30 03:15:36');
INSERT INTO `likes` (`id`, `user_id`, `media_id`, `created_at`) VALUES ('37', '153', '37', '2007-10-17 04:05:42');
INSERT INTO `likes` (`id`, `user_id`, `media_id`, `created_at`) VALUES ('38', '154', '38', '2004-12-22 06:37:35');
INSERT INTO `likes` (`id`, `user_id`, `media_id`, `created_at`) VALUES ('39', '157', '39', '1994-06-06 08:25:45');
INSERT INTO `likes` (`id`, `user_id`, `media_id`, `created_at`) VALUES ('40', '159', '40', '1978-07-31 12:43:39');
INSERT INTO `likes` (`id`, `user_id`, `media_id`, `created_at`) VALUES ('41', '160', '41', '1980-09-27 12:54:00');
INSERT INTO `likes` (`id`, `user_id`, `media_id`, `created_at`) VALUES ('42', '164', '42', '1981-01-07 05:34:05');
INSERT INTO `likes` (`id`, `user_id`, `media_id`, `created_at`) VALUES ('43', '165', '43', '2019-07-24 18:56:38');
INSERT INTO `likes` (`id`, `user_id`, `media_id`, `created_at`) VALUES ('44', '170', '44', '2017-06-07 21:42:08');
INSERT INTO `likes` (`id`, `user_id`, `media_id`, `created_at`) VALUES ('45', '172', '45', '2015-04-11 06:43:51');
INSERT INTO `likes` (`id`, `user_id`, `media_id`, `created_at`) VALUES ('46', '173', '46', '2010-01-25 14:21:22');
INSERT INTO `likes` (`id`, `user_id`, `media_id`, `created_at`) VALUES ('47', '174', '47', '1982-10-19 16:12:21');
INSERT INTO `likes` (`id`, `user_id`, `media_id`, `created_at`) VALUES ('48', '177', '48', '1980-10-18 10:34:59');
INSERT INTO `likes` (`id`, `user_id`, `media_id`, `created_at`) VALUES ('49', '178', '49', '1993-07-13 01:27:18');
INSERT INTO `likes` (`id`, `user_id`, `media_id`, `created_at`) VALUES ('50', '179', '50', '1995-07-26 07:24:32');
INSERT INTO `likes` (`id`, `user_id`, `media_id`, `created_at`) VALUES ('51', '180', '51', '2019-06-15 11:24:34');
INSERT INTO `likes` (`id`, `user_id`, `media_id`, `created_at`) VALUES ('52', '181', '52', '1976-05-26 15:49:08');
INSERT INTO `likes` (`id`, `user_id`, `media_id`, `created_at`) VALUES ('53', '183', '53', '2010-01-24 14:42:07');
INSERT INTO `likes` (`id`, `user_id`, `media_id`, `created_at`) VALUES ('54', '184', '54', '2004-12-22 00:02:45');
INSERT INTO `likes` (`id`, `user_id`, `media_id`, `created_at`) VALUES ('55', '185', '55', '1984-08-25 21:57:03');
INSERT INTO `likes` (`id`, `user_id`, `media_id`, `created_at`) VALUES ('56', '187', '56', '2019-04-08 10:32:41');
INSERT INTO `likes` (`id`, `user_id`, `media_id`, `created_at`) VALUES ('57', '188', '57', '1971-03-31 11:26:14');
INSERT INTO `likes` (`id`, `user_id`, `media_id`, `created_at`) VALUES ('58', '189', '58', '2003-07-03 00:27:58');
INSERT INTO `likes` (`id`, `user_id`, `media_id`, `created_at`) VALUES ('59', '192', '59', '1985-04-06 09:35:20');
INSERT INTO `likes` (`id`, `user_id`, `media_id`, `created_at`) VALUES ('60', '194', '60', '1985-10-20 07:35:45');
INSERT INTO `likes` (`id`, `user_id`, `media_id`, `created_at`) VALUES ('61', '195', '61', '1977-10-02 23:34:54');
INSERT INTO `likes` (`id`, `user_id`, `media_id`, `created_at`) VALUES ('62', '196', '62', '1993-06-09 22:09:50');
INSERT INTO `likes` (`id`, `user_id`, `media_id`, `created_at`) VALUES ('63', '197', '63', '1994-04-27 13:45:40');
INSERT INTO `likes` (`id`, `user_id`, `media_id`, `created_at`) VALUES ('64', '200', '64', '1983-08-31 13:29:11');
INSERT INTO `likes` (`id`, `user_id`, `media_id`, `created_at`) VALUES ('65', '101', '65', '1987-05-08 12:56:01');
INSERT INTO `likes` (`id`, `user_id`, `media_id`, `created_at`) VALUES ('66', '103', '66', '2021-02-24 01:39:31');
INSERT INTO `likes` (`id`, `user_id`, `media_id`, `created_at`) VALUES ('67', '104', '67', '1985-02-08 01:45:29');
INSERT INTO `likes` (`id`, `user_id`, `media_id`, `created_at`) VALUES ('68', '105', '68', '1973-09-20 02:41:28');
INSERT INTO `likes` (`id`, `user_id`, `media_id`, `created_at`) VALUES ('69', '106', '69', '2003-09-06 10:46:05');
INSERT INTO `likes` (`id`, `user_id`, `media_id`, `created_at`) VALUES ('70', '107', '70', '2020-08-11 23:28:57');
INSERT INTO `likes` (`id`, `user_id`, `media_id`, `created_at`) VALUES ('71', '108', '71', '2007-02-14 15:49:36');
INSERT INTO `likes` (`id`, `user_id`, `media_id`, `created_at`) VALUES ('72', '109', '72', '2007-06-18 01:59:07');
INSERT INTO `likes` (`id`, `user_id`, `media_id`, `created_at`) VALUES ('73', '112', '73', '1971-01-17 11:47:32');
INSERT INTO `likes` (`id`, `user_id`, `media_id`, `created_at`) VALUES ('74', '113', '74', '2016-07-27 09:26:01');
INSERT INTO `likes` (`id`, `user_id`, `media_id`, `created_at`) VALUES ('75', '114', '75', '2017-07-13 12:59:39');
INSERT INTO `likes` (`id`, `user_id`, `media_id`, `created_at`) VALUES ('76', '117', '76', '1989-06-28 14:36:39');
INSERT INTO `likes` (`id`, `user_id`, `media_id`, `created_at`) VALUES ('77', '118', '77', '1980-08-09 10:59:20');
INSERT INTO `likes` (`id`, `user_id`, `media_id`, `created_at`) VALUES ('78', '119', '78', '2007-08-28 13:50:32');
INSERT INTO `likes` (`id`, `user_id`, `media_id`, `created_at`) VALUES ('79', '120', '79', '1986-02-22 05:25:47');
INSERT INTO `likes` (`id`, `user_id`, `media_id`, `created_at`) VALUES ('80', '121', '80', '2017-06-01 03:31:49');
INSERT INTO `likes` (`id`, `user_id`, `media_id`, `created_at`) VALUES ('81', '122', '81', '1976-10-28 19:44:06');
INSERT INTO `likes` (`id`, `user_id`, `media_id`, `created_at`) VALUES ('82', '125', '82', '2005-02-26 04:26:22');
INSERT INTO `likes` (`id`, `user_id`, `media_id`, `created_at`) VALUES ('83', '126', '83', '1995-07-28 03:55:30');
INSERT INTO `likes` (`id`, `user_id`, `media_id`, `created_at`) VALUES ('84', '127', '84', '1975-01-09 01:45:50');
INSERT INTO `likes` (`id`, `user_id`, `media_id`, `created_at`) VALUES ('85', '129', '85', '1977-11-09 02:02:06');
INSERT INTO `likes` (`id`, `user_id`, `media_id`, `created_at`) VALUES ('86', '130', '86', '1971-09-05 10:43:56');
INSERT INTO `likes` (`id`, `user_id`, `media_id`, `created_at`) VALUES ('87', '133', '87', '1976-04-01 05:42:29');
INSERT INTO `likes` (`id`, `user_id`, `media_id`, `created_at`) VALUES ('88', '134', '88', '1986-12-27 09:44:28');
INSERT INTO `likes` (`id`, `user_id`, `media_id`, `created_at`) VALUES ('89', '136', '89', '1990-03-09 05:32:46');
INSERT INTO `likes` (`id`, `user_id`, `media_id`, `created_at`) VALUES ('90', '138', '90', '2015-01-30 10:44:35');
INSERT INTO `likes` (`id`, `user_id`, `media_id`, `created_at`) VALUES ('91', '139', '91', '2012-07-01 02:55:07');
INSERT INTO `likes` (`id`, `user_id`, `media_id`, `created_at`) VALUES ('92', '140', '92', '1996-04-20 21:26:14');
INSERT INTO `likes` (`id`, `user_id`, `media_id`, `created_at`) VALUES ('93', '143', '93', '1989-12-02 09:33:51');
INSERT INTO `likes` (`id`, `user_id`, `media_id`, `created_at`) VALUES ('94', '144', '94', '1980-03-30 18:25:00');
INSERT INTO `likes` (`id`, `user_id`, `media_id`, `created_at`) VALUES ('95', '145', '95', '1992-10-10 03:57:39');
INSERT INTO `likes` (`id`, `user_id`, `media_id`, `created_at`) VALUES ('96', '146', '96', '1995-11-08 06:34:14');
INSERT INTO `likes` (`id`, `user_id`, `media_id`, `created_at`) VALUES ('97', '147', '97', '1986-11-27 13:31:43');
INSERT INTO `likes` (`id`, `user_id`, `media_id`, `created_at`) VALUES ('98', '148', '98', '1987-09-14 01:32:05');
INSERT INTO `likes` (`id`, `user_id`, `media_id`, `created_at`) VALUES ('99', '151', '99', '1991-09-09 06:26:29');
INSERT INTO `likes` (`id`, `user_id`, `media_id`, `created_at`) VALUES ('100', '152', '100', '2000-01-02 22:28:53');

INSERT INTO `photo_albums` (`id`, `name`, `user_id`) VALUES ('1', 'libero', '101');
INSERT INTO `photo_albums` (`id`, `name`, `user_id`) VALUES ('2', 'nesciunt', '103');
INSERT INTO `photo_albums` (`id`, `name`, `user_id`) VALUES ('3', 'modi', '104');
INSERT INTO `photo_albums` (`id`, `name`, `user_id`) VALUES ('4', 'cumque', '105');
INSERT INTO `photo_albums` (`id`, `name`, `user_id`) VALUES ('5', 'sequi', '106');
INSERT INTO `photo_albums` (`id`, `name`, `user_id`) VALUES ('6', 'quia', '107');
INSERT INTO `photo_albums` (`id`, `name`, `user_id`) VALUES ('7', 'nam', '108');
INSERT INTO `photo_albums` (`id`, `name`, `user_id`) VALUES ('8', 'nulla', '109');
INSERT INTO `photo_albums` (`id`, `name`, `user_id`) VALUES ('9', 'quae', '112');
INSERT INTO `photo_albums` (`id`, `name`, `user_id`) VALUES ('10', 'rerum', '113');
INSERT INTO `photo_albums` (`id`, `name`, `user_id`) VALUES ('11', 'perspiciatis', '114');
INSERT INTO `photo_albums` (`id`, `name`, `user_id`) VALUES ('12', 'natus', '117');
INSERT INTO `photo_albums` (`id`, `name`, `user_id`) VALUES ('13', 'adipisci', '118');
INSERT INTO `photo_albums` (`id`, `name`, `user_id`) VALUES ('14', 'voluptatem', '119');
INSERT INTO `photo_albums` (`id`, `name`, `user_id`) VALUES ('15', 'ad', '120');
INSERT INTO `photo_albums` (`id`, `name`, `user_id`) VALUES ('16', 'molestiae', '121');
INSERT INTO `photo_albums` (`id`, `name`, `user_id`) VALUES ('17', 'vitae', '122');
INSERT INTO `photo_albums` (`id`, `name`, `user_id`) VALUES ('18', 'sapiente', '125');
INSERT INTO `photo_albums` (`id`, `name`, `user_id`) VALUES ('19', 'iste', '126');
INSERT INTO `photo_albums` (`id`, `name`, `user_id`) VALUES ('20', 'sunt', '127');
INSERT INTO `photo_albums` (`id`, `name`, `user_id`) VALUES ('21', 'nostrum', '129');
INSERT INTO `photo_albums` (`id`, `name`, `user_id`) VALUES ('22', 'et', '130');
INSERT INTO `photo_albums` (`id`, `name`, `user_id`) VALUES ('23', 'debitis', '133');
INSERT INTO `photo_albums` (`id`, `name`, `user_id`) VALUES ('24', 'molestias', '134');
INSERT INTO `photo_albums` (`id`, `name`, `user_id`) VALUES ('25', 'velit', '136');
INSERT INTO `photo_albums` (`id`, `name`, `user_id`) VALUES ('26', 'officiis', '138');
INSERT INTO `photo_albums` (`id`, `name`, `user_id`) VALUES ('27', 'aliquid', '139');
INSERT INTO `photo_albums` (`id`, `name`, `user_id`) VALUES ('28', 'omnis', '140');
INSERT INTO `photo_albums` (`id`, `name`, `user_id`) VALUES ('29', 'sit', '143');
INSERT INTO `photo_albums` (`id`, `name`, `user_id`) VALUES ('30', 'tempora', '144');
INSERT INTO `photo_albums` (`id`, `name`, `user_id`) VALUES ('31', 'aut', '145');
INSERT INTO `photo_albums` (`id`, `name`, `user_id`) VALUES ('32', 'magnam', '146');
INSERT INTO `photo_albums` (`id`, `name`, `user_id`) VALUES ('33', 'consequuntur', '147');
INSERT INTO `photo_albums` (`id`, `name`, `user_id`) VALUES ('34', 'omnis', '148');
INSERT INTO `photo_albums` (`id`, `name`, `user_id`) VALUES ('35', 'quo', '151');
INSERT INTO `photo_albums` (`id`, `name`, `user_id`) VALUES ('36', 'amet', '152');
INSERT INTO `photo_albums` (`id`, `name`, `user_id`) VALUES ('37', 'itaque', '153');
INSERT INTO `photo_albums` (`id`, `name`, `user_id`) VALUES ('38', 'laudantium', '154');
INSERT INTO `photo_albums` (`id`, `name`, `user_id`) VALUES ('39', 'mollitia', '157');
INSERT INTO `photo_albums` (`id`, `name`, `user_id`) VALUES ('40', 'magni', '159');
INSERT INTO `photo_albums` (`id`, `name`, `user_id`) VALUES ('41', 'nisi', '160');
INSERT INTO `photo_albums` (`id`, `name`, `user_id`) VALUES ('42', 'minus', '164');
INSERT INTO `photo_albums` (`id`, `name`, `user_id`) VALUES ('43', 'voluptatem', '165');
INSERT INTO `photo_albums` (`id`, `name`, `user_id`) VALUES ('44', 'at', '170');
INSERT INTO `photo_albums` (`id`, `name`, `user_id`) VALUES ('45', 'eaque', '172');
INSERT INTO `photo_albums` (`id`, `name`, `user_id`) VALUES ('46', 'beatae', '173');
INSERT INTO `photo_albums` (`id`, `name`, `user_id`) VALUES ('47', 'rerum', '174');
INSERT INTO `photo_albums` (`id`, `name`, `user_id`) VALUES ('48', 'quo', '177');
INSERT INTO `photo_albums` (`id`, `name`, `user_id`) VALUES ('49', 'in', '178');
INSERT INTO `photo_albums` (`id`, `name`, `user_id`) VALUES ('50', 'qui', '179');
INSERT INTO `photo_albums` (`id`, `name`, `user_id`) VALUES ('51', 'voluptate', '180');
INSERT INTO `photo_albums` (`id`, `name`, `user_id`) VALUES ('52', 'vitae', '181');
INSERT INTO `photo_albums` (`id`, `name`, `user_id`) VALUES ('53', 'iste', '183');
INSERT INTO `photo_albums` (`id`, `name`, `user_id`) VALUES ('54', 'perspiciatis', '184');
INSERT INTO `photo_albums` (`id`, `name`, `user_id`) VALUES ('55', 'saepe', '185');
INSERT INTO `photo_albums` (`id`, `name`, `user_id`) VALUES ('56', 'suscipit', '187');
INSERT INTO `photo_albums` (`id`, `name`, `user_id`) VALUES ('57', 'laudantium', '188');
INSERT INTO `photo_albums` (`id`, `name`, `user_id`) VALUES ('58', 'adipisci', '189');
INSERT INTO `photo_albums` (`id`, `name`, `user_id`) VALUES ('59', 'mollitia', '192');
INSERT INTO `photo_albums` (`id`, `name`, `user_id`) VALUES ('60', 'odio', '194');
INSERT INTO `photo_albums` (`id`, `name`, `user_id`) VALUES ('61', 'voluptas', '195');
INSERT INTO `photo_albums` (`id`, `name`, `user_id`) VALUES ('62', 'sed', '196');
INSERT INTO `photo_albums` (`id`, `name`, `user_id`) VALUES ('63', 'voluptatem', '197');
INSERT INTO `photo_albums` (`id`, `name`, `user_id`) VALUES ('64', 'et', '200');
INSERT INTO `photo_albums` (`id`, `name`, `user_id`) VALUES ('65', 'sit', '101');
INSERT INTO `photo_albums` (`id`, `name`, `user_id`) VALUES ('66', 'quo', '103');
INSERT INTO `photo_albums` (`id`, `name`, `user_id`) VALUES ('67', 'labore', '104');
INSERT INTO `photo_albums` (`id`, `name`, `user_id`) VALUES ('68', 'exercitationem', '105');
INSERT INTO `photo_albums` (`id`, `name`, `user_id`) VALUES ('69', 'facere', '106');
INSERT INTO `photo_albums` (`id`, `name`, `user_id`) VALUES ('70', 'voluptatum', '107');
INSERT INTO `photo_albums` (`id`, `name`, `user_id`) VALUES ('71', 'atque', '108');
INSERT INTO `photo_albums` (`id`, `name`, `user_id`) VALUES ('72', 'molestiae', '109');
INSERT INTO `photo_albums` (`id`, `name`, `user_id`) VALUES ('73', 'voluptate', '112');
INSERT INTO `photo_albums` (`id`, `name`, `user_id`) VALUES ('74', 'iusto', '113');
INSERT INTO `photo_albums` (`id`, `name`, `user_id`) VALUES ('75', 'est', '114');
INSERT INTO `photo_albums` (`id`, `name`, `user_id`) VALUES ('76', 'aut', '117');
INSERT INTO `photo_albums` (`id`, `name`, `user_id`) VALUES ('77', 'dolore', '118');
INSERT INTO `photo_albums` (`id`, `name`, `user_id`) VALUES ('78', 'expedita', '119');
INSERT INTO `photo_albums` (`id`, `name`, `user_id`) VALUES ('79', 'nihil', '120');
INSERT INTO `photo_albums` (`id`, `name`, `user_id`) VALUES ('80', 'dolor', '121');
INSERT INTO `photo_albums` (`id`, `name`, `user_id`) VALUES ('81', 'et', '122');
INSERT INTO `photo_albums` (`id`, `name`, `user_id`) VALUES ('82', 'dolorum', '125');
INSERT INTO `photo_albums` (`id`, `name`, `user_id`) VALUES ('83', 'architecto', '126');
INSERT INTO `photo_albums` (`id`, `name`, `user_id`) VALUES ('84', 'sapiente', '127');
INSERT INTO `photo_albums` (`id`, `name`, `user_id`) VALUES ('85', 'odio', '129');
INSERT INTO `photo_albums` (`id`, `name`, `user_id`) VALUES ('86', 'sit', '130');
INSERT INTO `photo_albums` (`id`, `name`, `user_id`) VALUES ('87', 'laudantium', '133');
INSERT INTO `photo_albums` (`id`, `name`, `user_id`) VALUES ('88', 'dolor', '134');
INSERT INTO `photo_albums` (`id`, `name`, `user_id`) VALUES ('89', 'a', '136');
INSERT INTO `photo_albums` (`id`, `name`, `user_id`) VALUES ('90', 'a', '138');
INSERT INTO `photo_albums` (`id`, `name`, `user_id`) VALUES ('91', 'dolore', '139');
INSERT INTO `photo_albums` (`id`, `name`, `user_id`) VALUES ('92', 'ea', '140');
INSERT INTO `photo_albums` (`id`, `name`, `user_id`) VALUES ('93', 'ad', '143');
INSERT INTO `photo_albums` (`id`, `name`, `user_id`) VALUES ('94', 'blanditiis', '144');
INSERT INTO `photo_albums` (`id`, `name`, `user_id`) VALUES ('95', 'laudantium', '145');
INSERT INTO `photo_albums` (`id`, `name`, `user_id`) VALUES ('96', 'praesentium', '146');
INSERT INTO `photo_albums` (`id`, `name`, `user_id`) VALUES ('97', 'nam', '147');
INSERT INTO `photo_albums` (`id`, `name`, `user_id`) VALUES ('98', 'voluptatem', '148');
INSERT INTO `photo_albums` (`id`, `name`, `user_id`) VALUES ('99', 'non', '151');
INSERT INTO `photo_albums` (`id`, `name`, `user_id`) VALUES ('100', 'minus', '152');

INSERT INTO `photos` (`id`, `album_id`, `media_id`) VALUES ('1', '1', '1');
INSERT INTO `photos` (`id`, `album_id`, `media_id`) VALUES ('2', '2', '2');
INSERT INTO `photos` (`id`, `album_id`, `media_id`) VALUES ('3', '3', '3');
INSERT INTO `photos` (`id`, `album_id`, `media_id`) VALUES ('4', '4', '4');
INSERT INTO `photos` (`id`, `album_id`, `media_id`) VALUES ('5', '5', '5');
INSERT INTO `photos` (`id`, `album_id`, `media_id`) VALUES ('6', '6', '6');
INSERT INTO `photos` (`id`, `album_id`, `media_id`) VALUES ('7', '7', '7');
INSERT INTO `photos` (`id`, `album_id`, `media_id`) VALUES ('8', '8', '8');
INSERT INTO `photos` (`id`, `album_id`, `media_id`) VALUES ('9', '9', '9');
INSERT INTO `photos` (`id`, `album_id`, `media_id`) VALUES ('10', '10', '10');
INSERT INTO `photos` (`id`, `album_id`, `media_id`) VALUES ('11', '11', '11');
INSERT INTO `photos` (`id`, `album_id`, `media_id`) VALUES ('12', '12', '12');
INSERT INTO `photos` (`id`, `album_id`, `media_id`) VALUES ('13', '13', '13');
INSERT INTO `photos` (`id`, `album_id`, `media_id`) VALUES ('14', '14', '14');
INSERT INTO `photos` (`id`, `album_id`, `media_id`) VALUES ('15', '15', '15');
INSERT INTO `photos` (`id`, `album_id`, `media_id`) VALUES ('16', '16', '16');
INSERT INTO `photos` (`id`, `album_id`, `media_id`) VALUES ('17', '17', '17');
INSERT INTO `photos` (`id`, `album_id`, `media_id`) VALUES ('18', '18', '18');
INSERT INTO `photos` (`id`, `album_id`, `media_id`) VALUES ('19', '19', '19');
INSERT INTO `photos` (`id`, `album_id`, `media_id`) VALUES ('20', '20', '20');
INSERT INTO `photos` (`id`, `album_id`, `media_id`) VALUES ('21', '21', '21');
INSERT INTO `photos` (`id`, `album_id`, `media_id`) VALUES ('22', '22', '22');
INSERT INTO `photos` (`id`, `album_id`, `media_id`) VALUES ('23', '23', '23');
INSERT INTO `photos` (`id`, `album_id`, `media_id`) VALUES ('24', '24', '24');
INSERT INTO `photos` (`id`, `album_id`, `media_id`) VALUES ('25', '25', '25');
INSERT INTO `photos` (`id`, `album_id`, `media_id`) VALUES ('26', '26', '26');
INSERT INTO `photos` (`id`, `album_id`, `media_id`) VALUES ('27', '27', '27');
INSERT INTO `photos` (`id`, `album_id`, `media_id`) VALUES ('28', '28', '28');
INSERT INTO `photos` (`id`, `album_id`, `media_id`) VALUES ('29', '29', '29');
INSERT INTO `photos` (`id`, `album_id`, `media_id`) VALUES ('30', '30', '30');
INSERT INTO `photos` (`id`, `album_id`, `media_id`) VALUES ('31', '31', '31');
INSERT INTO `photos` (`id`, `album_id`, `media_id`) VALUES ('32', '32', '32');
INSERT INTO `photos` (`id`, `album_id`, `media_id`) VALUES ('33', '33', '33');
INSERT INTO `photos` (`id`, `album_id`, `media_id`) VALUES ('34', '34', '34');
INSERT INTO `photos` (`id`, `album_id`, `media_id`) VALUES ('35', '35', '35');
INSERT INTO `photos` (`id`, `album_id`, `media_id`) VALUES ('36', '36', '36');
INSERT INTO `photos` (`id`, `album_id`, `media_id`) VALUES ('37', '37', '37');
INSERT INTO `photos` (`id`, `album_id`, `media_id`) VALUES ('38', '38', '38');
INSERT INTO `photos` (`id`, `album_id`, `media_id`) VALUES ('39', '39', '39');
INSERT INTO `photos` (`id`, `album_id`, `media_id`) VALUES ('40', '40', '40');
INSERT INTO `photos` (`id`, `album_id`, `media_id`) VALUES ('41', '41', '41');
INSERT INTO `photos` (`id`, `album_id`, `media_id`) VALUES ('42', '42', '42');
INSERT INTO `photos` (`id`, `album_id`, `media_id`) VALUES ('43', '43', '43');
INSERT INTO `photos` (`id`, `album_id`, `media_id`) VALUES ('44', '44', '44');
INSERT INTO `photos` (`id`, `album_id`, `media_id`) VALUES ('45', '45', '45');
INSERT INTO `photos` (`id`, `album_id`, `media_id`) VALUES ('46', '46', '46');
INSERT INTO `photos` (`id`, `album_id`, `media_id`) VALUES ('47', '47', '47');
INSERT INTO `photos` (`id`, `album_id`, `media_id`) VALUES ('48', '48', '48');
INSERT INTO `photos` (`id`, `album_id`, `media_id`) VALUES ('49', '49', '49');
INSERT INTO `photos` (`id`, `album_id`, `media_id`) VALUES ('50', '50', '50');
INSERT INTO `photos` (`id`, `album_id`, `media_id`) VALUES ('51', '51', '51');
INSERT INTO `photos` (`id`, `album_id`, `media_id`) VALUES ('52', '52', '52');
INSERT INTO `photos` (`id`, `album_id`, `media_id`) VALUES ('53', '53', '53');
INSERT INTO `photos` (`id`, `album_id`, `media_id`) VALUES ('54', '54', '54');
INSERT INTO `photos` (`id`, `album_id`, `media_id`) VALUES ('55', '55', '55');
INSERT INTO `photos` (`id`, `album_id`, `media_id`) VALUES ('56', '56', '56');
INSERT INTO `photos` (`id`, `album_id`, `media_id`) VALUES ('57', '57', '57');
INSERT INTO `photos` (`id`, `album_id`, `media_id`) VALUES ('58', '58', '58');
INSERT INTO `photos` (`id`, `album_id`, `media_id`) VALUES ('59', '59', '59');
INSERT INTO `photos` (`id`, `album_id`, `media_id`) VALUES ('60', '60', '60');
INSERT INTO `photos` (`id`, `album_id`, `media_id`) VALUES ('61', '61', '61');
INSERT INTO `photos` (`id`, `album_id`, `media_id`) VALUES ('62', '62', '62');
INSERT INTO `photos` (`id`, `album_id`, `media_id`) VALUES ('63', '63', '63');
INSERT INTO `photos` (`id`, `album_id`, `media_id`) VALUES ('64', '64', '64');
INSERT INTO `photos` (`id`, `album_id`, `media_id`) VALUES ('65', '65', '65');
INSERT INTO `photos` (`id`, `album_id`, `media_id`) VALUES ('66', '66', '66');
INSERT INTO `photos` (`id`, `album_id`, `media_id`) VALUES ('67', '67', '67');
INSERT INTO `photos` (`id`, `album_id`, `media_id`) VALUES ('68', '68', '68');
INSERT INTO `photos` (`id`, `album_id`, `media_id`) VALUES ('69', '69', '69');
INSERT INTO `photos` (`id`, `album_id`, `media_id`) VALUES ('70', '70', '70');
INSERT INTO `photos` (`id`, `album_id`, `media_id`) VALUES ('71', '71', '71');
INSERT INTO `photos` (`id`, `album_id`, `media_id`) VALUES ('72', '72', '72');
INSERT INTO `photos` (`id`, `album_id`, `media_id`) VALUES ('73', '73', '73');
INSERT INTO `photos` (`id`, `album_id`, `media_id`) VALUES ('74', '74', '74');
INSERT INTO `photos` (`id`, `album_id`, `media_id`) VALUES ('75', '75', '75');
INSERT INTO `photos` (`id`, `album_id`, `media_id`) VALUES ('76', '76', '76');
INSERT INTO `photos` (`id`, `album_id`, `media_id`) VALUES ('77', '77', '77');
INSERT INTO `photos` (`id`, `album_id`, `media_id`) VALUES ('78', '78', '78');
INSERT INTO `photos` (`id`, `album_id`, `media_id`) VALUES ('79', '79', '79');
INSERT INTO `photos` (`id`, `album_id`, `media_id`) VALUES ('80', '80', '80');
INSERT INTO `photos` (`id`, `album_id`, `media_id`) VALUES ('81', '81', '81');
INSERT INTO `photos` (`id`, `album_id`, `media_id`) VALUES ('82', '82', '82');
INSERT INTO `photos` (`id`, `album_id`, `media_id`) VALUES ('83', '83', '83');
INSERT INTO `photos` (`id`, `album_id`, `media_id`) VALUES ('84', '84', '84');
INSERT INTO `photos` (`id`, `album_id`, `media_id`) VALUES ('85', '85', '85');
INSERT INTO `photos` (`id`, `album_id`, `media_id`) VALUES ('86', '86', '86');
INSERT INTO `photos` (`id`, `album_id`, `media_id`) VALUES ('87', '87', '87');
INSERT INTO `photos` (`id`, `album_id`, `media_id`) VALUES ('88', '88', '88');
INSERT INTO `photos` (`id`, `album_id`, `media_id`) VALUES ('89', '89', '89');
INSERT INTO `photos` (`id`, `album_id`, `media_id`) VALUES ('90', '90', '90');
INSERT INTO `photos` (`id`, `album_id`, `media_id`) VALUES ('91', '91', '91');
INSERT INTO `photos` (`id`, `album_id`, `media_id`) VALUES ('92', '92', '92');
INSERT INTO `photos` (`id`, `album_id`, `media_id`) VALUES ('93', '93', '93');
INSERT INTO `photos` (`id`, `album_id`, `media_id`) VALUES ('94', '94', '94');
INSERT INTO `photos` (`id`, `album_id`, `media_id`) VALUES ('95', '95', '95');
INSERT INTO `photos` (`id`, `album_id`, `media_id`) VALUES ('96', '96', '96');
INSERT INTO `photos` (`id`, `album_id`, `media_id`) VALUES ('97', '97', '97');
INSERT INTO `photos` (`id`, `album_id`, `media_id`) VALUES ('98', '98', '98');
INSERT INTO `photos` (`id`, `album_id`, `media_id`) VALUES ('99', '99', '99');
INSERT INTO `photos` (`id`, `album_id`, `media_id`) VALUES ('100', '100', '100');

